"","species","Longitude","Latitude","occ","coords.x1","coords.x2"
"1","Lutjanus Griseus",-88.245556,30.241389,1,-88.245556,30.241389
"2","Lutjanus Griseus",-88.122778,30.256944,1,-88.122778,30.256944
"3","Lutjanus Griseus",-72.602463,18.864058,1,-72.602463,18.864058
"4","Lutjanus Griseus",-81.591005,24.600625,1,-81.591005,24.600625
"5","Lutjanus Griseus",-80.070513,26.943953,1,-80.070513,26.943953
"6","Lutjanus Griseus",-76.24438,25.196266,1,-76.24438,25.196266
"7","Lutjanus Griseus",-84.510902,29.914499,1,-84.510902,29.914499
"8","Lutjanus Griseus",-74.252197,39.559502,1,-74.252197,39.559502
"9","Lutjanus Griseus",-65.959602,17.971201,1,-65.959602,17.971201
"10","Lutjanus Griseus",-65.770401,18.367001,1,-65.770401,18.367001
"11","Lutjanus Griseus",-80.555878,25.068185,1,-80.555878,25.068185
"12","Lutjanus Griseus",-80.37912,25.44834,1,-80.37912,25.44834
"13","Lutjanus Griseus",-82.019,25.761667,1,-82.019,25.761667
"14","Lutjanus Griseus",-97.04556,27.08389,1,-97.04556,27.08389
"15","Lutjanus Griseus",-93.87473,29.73694,1,-93.87473,29.73694
"16","Lutjanus Griseus",-95.55527,28.95083,1,-95.55527,28.95083
"17","Lutjanus Griseus",-96.9,28.15,1,-96.9,28.15
"18","Lutjanus Griseus",-92.8536,29.7367,1,-92.8536,29.7367
"19","Lutjanus Griseus",-94.7272,29.3317,1,-94.7272,29.3317
"20","Lutjanus Griseus",-97.0119,27.8892,1,-97.0119,27.8892
"21","Lutjanus Griseus",-81.192984,29.581474,1,-81.192984,29.581474
"22","Lutjanus Griseus",-81.13394,29.468958,1,-81.13394,29.468958
"23","Lutjanus Griseus",-81.104583,29.413253,1,-81.104583,29.413253
"24","Lutjanus Griseus",-82.006333,25.265667,1,-82.006333,25.265667
"25","Lutjanus Griseus",-64.724517,18.32045,1,-64.724517,18.32045
"26","Lutjanus Griseus",-83.560722,29.779167,1,-83.560722,29.779167
"27","Lutjanus Griseus",-81.384099,26.067631,1,-81.384099,26.067631
"28","Lutjanus Griseus",-82.3615,26.306333,1,-82.3615,26.306333
"29","Lutjanus Griseus",-81.828667,25.139833,1,-81.828667,25.139833
"30","Lutjanus Griseus",-82.087833,25.919167,1,-82.087833,25.919167
"31","Lutjanus Griseus",-81.769222,25.624528,1,-81.769222,25.624528
"32","Lutjanus Griseus",-82.971667,26.821667,1,-82.971667,26.821667
"33","Lutjanus Griseus",-85.134917,30.0895,1,-85.134917,30.0895
"34","Lutjanus Griseus",-81.844722,25.653222,1,-81.844722,25.653222
"35","Lutjanus Griseus",-81.921278,25.660889,1,-81.921278,25.660889
"36","Lutjanus Griseus",-74.013472,40.720937,1,-74.013472,40.720937
"37","Lutjanus Griseus",-81.778864,26.125284,1,-81.778864,26.125284
"38","Lutjanus Griseus",-72.435091,40.847018,1,-72.435091,40.847018
"39","Lutjanus Griseus",-96.864702,27.027558,1,-96.864702,27.027558
"40","Lutjanus Griseus",-96.754006,27.548297,1,-96.754006,27.548297
"41","Lutjanus Griseus",-80.33191,25.463044,1,-80.33191,25.463044
"42","Lutjanus Griseus",-74.167743,40.198024,1,-74.167743,40.198024
"43","Lutjanus Griseus",-81.117084,22.115204,1,-81.117084,22.115204
"44","Lutjanus Griseus",-71.386362,41.487172,1,-71.386362,41.487172
"45","Lutjanus Griseus",-82.315092,25.67148,1,-82.315092,25.67148
"46","Lutjanus Griseus",-71.958958,41.341486,1,-71.958958,41.341486
"47","Lutjanus Griseus",-71.577546,41.188355,1,-71.577546,41.188355
"48","Lutjanus Griseus",-80.064427,27.039603,1,-80.064427,27.039603
"49","Lutjanus Griseus",-86.645584,30.248413,1,-86.645584,30.248413
"50","Lutjanus Griseus",-96.466428,27.42739,1,-96.466428,27.42739
"51","Lutjanus Griseus",-86.436152,16.356533,1,-86.436152,16.356533
"52","Lutjanus Griseus",-75.686133,10.153997,1,-75.686133,10.153997
"53","Lutjanus Griseus",-76.652,34.1445,1,-76.652,34.1445
"54","Lutjanus Griseus",-74.029404,40.064648,1,-74.029404,40.064648
"55","Lutjanus Griseus",-74.156093,40.141008,1,-74.156093,40.141008
"56","Lutjanus Griseus",-81.260187,24.662855,1,-81.260187,24.662855
"57","Lutjanus Griseus",-80.075761,26.362447,1,-80.075761,26.362447
"58","Lutjanus Griseus",-74.063471,40.147652,1,-74.063471,40.147652
"59","Lutjanus Griseus",-60.890883,14.411057,1,-60.890883,14.411057
"60","Lutjanus Griseus",-86.779755,20.55983,1,-86.779755,20.55983
"61","Lutjanus Griseus",-76.314,34.606,1,-76.314,34.606
"62","Lutjanus Griseus",-66.67777,18.48991,1,-66.67777,18.48991
"63","Lutjanus Griseus",-77.429305,25.077797,1,-77.429305,25.077797
"64","Lutjanus Griseus",-82.084472,26.899875,1,-82.084472,26.899875
"65","Lutjanus Griseus",-82.256441,9.238883,1,-82.256441,9.238883
"66","Lutjanus Griseus",-61.716026,17.122117,1,-61.716026,17.122117
"67","Lutjanus Griseus",-80.039099,25.615485,1,-80.039099,25.615485
"68","Lutjanus Griseus",-82.832222,28.932222,1,-82.832222,28.932222
"69","Lutjanus Griseus",-80.850578,24.803467,1,-80.850578,24.803467
"70","Lutjanus Griseus",-89.844155,21.248208,1,-89.844155,21.248208
"71","Lutjanus Griseus",-82.485196,27.164688,1,-82.485196,27.164688
"72","Lutjanus Griseus",-82.201605,26.551779,1,-82.201605,26.551779
"73","Lutjanus Griseus",-81.919692,26.605703,1,-81.919692,26.605703
"74","Lutjanus Griseus",-86.005521,30.266322,1,-86.005521,30.266322
"75","Lutjanus Griseus",-74.526836,24.107796,1,-74.526836,24.107796
"76","Lutjanus Griseus",-79.546294,22.496348,1,-79.546294,22.496348
"77","Lutjanus Griseus",-87.31444,20.39693,1,-87.31444,20.39693
"78","Lutjanus Griseus",-80.179077,25.510982,1,-80.179077,25.510982
"79","Lutjanus Griseus",-80.954283,29.112995,1,-80.954283,29.112995
"80","Lutjanus Griseus",-80.211228,27.255638,1,-80.211228,27.255638
"81","Lutjanus Griseus",-80.777223,28.857792,1,-80.777223,28.857792
"82","Lutjanus Griseus",-87.12117,22.209079,1,-87.12117,22.209079
"83","Lutjanus Griseus",-82.599838,27.81942,1,-82.599838,27.81942
"84","Lutjanus Griseus",-82.817879,9.749149,1,-82.817879,9.749149
"85","Lutjanus Griseus",-38.39165,-3.598067,1,-38.39165,-3.598067
"86","Lutjanus Griseus",-38.333333,-3.75,1,-38.333333,-3.75
"87","Lutjanus Griseus",-36.964722,-4.747222,1,-36.964722,-4.747222
"88","Lutjanus Griseus",-80.11255,26.056561,1,-80.11255,26.056561
"89","Lutjanus Griseus",-78.754881,9.497428,1,-78.754881,9.497428
"90","Lutjanus Griseus",-80.022647,25.722391,1,-80.022647,25.722391
"91","Lutjanus Griseus",-80.570668,25.000353,1,-80.570668,25.000353
"92","Lutjanus Griseus",-97.107986,27.951319,1,-97.107986,27.951319
"93","Lutjanus Griseus",-87.841953,18.212419,1,-87.841953,18.212419
"94","Lutjanus Griseus",-87.070639,30.341231,1,-87.070639,30.341231
"95","Lutjanus Griseus",-81.023405,29.230359,1,-81.023405,29.230359
"96","Lutjanus Griseus",-80.434782,25.199,1,-80.434782,25.199
"97","Lutjanus Griseus",-86.498505,30.45952,1,-86.498505,30.45952
"98","Lutjanus Griseus",-81.971001,26.576566,1,-81.971001,26.576566
"99","Lutjanus Griseus",-66.950855,17.93264,1,-66.950855,17.93264
"100","Lutjanus Griseus",-82.627871,25.811539,1,-82.627871,25.811539
"101","Lutjanus Griseus",-78.644681,22.581511,1,-78.644681,22.581511
"102","Lutjanus Griseus",-81.870629,26.274587,1,-81.870629,26.274587
"103","Lutjanus Griseus",-81.049524,29.290013,1,-81.049524,29.290013
"104","Lutjanus Griseus",-86.795525,15.789755,1,-86.795525,15.789755
"105","Lutjanus Griseus",-81.935729,26.427865,1,-81.935729,26.427865
"106","Lutjanus Griseus",-75.169828,19.897498,1,-75.169828,19.897498
"107","Lutjanus Griseus",-81.347237,24.773212,1,-81.347237,24.773212
"108","Lutjanus Griseus",-86.087025,30.309968,1,-86.087025,30.309968
"109","Lutjanus Griseus",-86.708688,21.120924,1,-86.708688,21.120924
"110","Lutjanus Griseus",-88.119172,16.887046,1,-88.119172,16.887046
"111","Lutjanus Griseus",-61.18245,14.873036,1,-61.18245,14.873036
"112","Lutjanus Griseus",-64.524023,18.433286,1,-64.524023,18.433286
"113","Lutjanus Griseus",-80.864836,28.95101,1,-80.864836,28.95101
"114","Lutjanus Griseus",-75.99077,23.682133,1,-75.99077,23.682133
"115","Lutjanus Griseus",-81.315536,19.376999,1,-81.315536,19.376999
"116","Lutjanus Griseus",-81.360325,19.279042,1,-81.360325,19.279042
"117","Lutjanus Griseus",-82.666633,27.520829,1,-82.666633,27.520829
"118","Lutjanus Griseus",-97.33819,21.012767,1,-97.33819,21.012767
"119","Lutjanus Griseus",-72.193465,21.621716,1,-72.193465,21.621716
"120","Lutjanus Griseus",-61.390125,16.225258,1,-61.390125,16.225258
"121","Lutjanus Griseus",-79.304645,25.722311,1,-79.304645,25.722311
"122","Lutjanus Griseus",-61.049492,14.594535,1,-61.049492,14.594535
"123","Lutjanus Griseus",-61.887513,17.128488,1,-61.887513,17.128488
"124","Lutjanus Griseus",-61.5725,16.36333,1,-61.5725,16.36333
"125","Lutjanus Griseus",-61.78796,16.19498,1,-61.78796,16.19498
"126","Lutjanus Griseus",-61.13405,14.63279,1,-61.13405,14.63279
"127","Lutjanus Griseus",-61.78019,16.1397,1,-61.78019,16.1397
"128","Lutjanus Griseus",-61.0962,14.60474,1,-61.0962,14.60474
"129","Lutjanus Griseus",-87.20111,20.605,1,-87.20111,20.605
"130","Lutjanus Griseus",-61.72955,15.98799,1,-61.72955,15.98799
"131","Lutjanus Griseus",-61.22053,14.78867,1,-61.22053,14.78867
"132","Lutjanus Griseus",-61.22786,14.84149,1,-61.22786,14.84149
"133","Lutjanus Griseus",-61.53345,16.45883,1,-61.53345,16.45883
"134","Lutjanus Griseus",-61.07776,14.45799,1,-61.07776,14.45799
"135","Lutjanus Griseus",-61.45529,15.44169,1,-61.45529,15.44169
"136","Lutjanus Griseus",-81.302313,29.888625,1,-81.302313,29.888625
"137","Lutjanus Griseus",-78.642051,26.513712,1,-78.642051,26.513712
"138","Lutjanus Griseus",-61.179658,14.747769,1,-61.179658,14.747769
"139","Lutjanus Griseus",-86.837712,20.93645,1,-86.837712,20.93645
"140","Lutjanus Griseus",-81.814207,26.173869,1,-81.814207,26.173869
"141","Lutjanus Griseus",-81.531537,24.619612,1,-81.531537,24.619612
"142","Lutjanus Griseus",-80.4561,25.007739,1,-80.4561,25.007739
"143","Lutjanus Griseus",-82.762635,27.992538,1,-82.762635,27.992538
"144","Lutjanus Griseus",-80.118758,26.001369,1,-80.118758,26.001369
"145","Lutjanus Griseus",-80.736038,25.001392,1,-80.736038,25.001392
"146","Lutjanus Griseus",-82.739033,27.614179,1,-82.739033,27.614179
"147","Lutjanus Griseus",-80.499084,28.40025,1,-80.499084,28.40025
"148","Lutjanus Griseus",-66.13714,18.466231,1,-66.13714,18.466231
"149","Lutjanus Griseus",-86.709402,29.35907,1,-86.709402,29.35907
"150","Lutjanus Griseus",-80.938636,29.058963,1,-80.938636,29.058963
"151","Lutjanus Griseus",-77.52946,24.01342,1,-77.52946,24.01342
"152","Lutjanus Griseus",-75.875463,21.113943,1,-75.875463,21.113943
"153","Lutjanus Griseus",-63.248946,17.614251,1,-63.248946,17.614251
"154","Lutjanus Griseus",-86.562767,16.337748,1,-86.562767,16.337748
"155","Lutjanus Griseus",-61.570998,15.872867,1,-61.570998,15.872867
"156","Lutjanus Griseus",-61.759129,17.003047,1,-61.759129,17.003047
"157","Lutjanus Griseus",-62.680069,17.274406,1,-62.680069,17.274406
"158","Lutjanus Griseus",-88.363533,16.513778,1,-88.363533,16.513778
"159","Lutjanus Griseus",-81.235663,29.715317,1,-81.235663,29.715317
"160","Lutjanus Griseus",-83.069672,29.102961,1,-83.069672,29.102961
"161","Lutjanus Griseus",-75.549028,35.796687,1,-75.549028,35.796687
"162","Lutjanus Griseus",-76.6706,34.717545,1,-76.6706,34.717545
"163","Lutjanus Griseus",-61.534901,16.23617,1,-61.534901,16.23617
"164","Lutjanus Griseus",-86.777702,21.036685,1,-86.777702,21.036685
"165","Lutjanus Griseus",-76.320213,23.959147,1,-76.320213,23.959147
"166","Lutjanus Griseus",-61.649707,10.661775,1,-61.649707,10.661775
"167","Lutjanus Griseus",-82.70957,9.641679,1,-82.70957,9.641679
"168","Lutjanus Griseus",-77.93298,25.819924,1,-77.93298,25.819924
"169","Lutjanus Griseus",-79.818663,25.902401,1,-79.818663,25.902401
"170","Lutjanus Griseus",-81.37159,19.383848,1,-81.37159,19.383848
"171","Lutjanus Griseus",-77.809203,24.747705,1,-77.809203,24.747705
"172","Lutjanus Griseus",-82.793253,28.051438,1,-82.793253,28.051438
"173","Lutjanus Griseus",-76.738135,17.945956,1,-76.738135,17.945956
"174","Lutjanus Griseus",-77.743063,24.46112,1,-77.743063,24.46112
"175","Lutjanus Griseus",-81.511505,25.957527,1,-81.511505,25.957527
"176","Lutjanus Griseus",-81.448099,24.689732,1,-81.448099,24.689732
"177","Lutjanus Griseus",-81.21014,29.630699,1,-81.21014,29.630699
"178","Lutjanus Griseus",-61.796011,16.305229,1,-61.796011,16.305229
"179","Lutjanus Griseus",-76.958892,26.539242,1,-76.958892,26.539242
"180","Lutjanus Griseus",-86.926679,20.794481,1,-86.926679,20.794481
"181","Lutjanus Griseus",-82.89823,26.955819,1,-82.89823,26.955819
"182","Lutjanus Griseus",-82.685172,27.711412,1,-82.685172,27.711412
"183","Lutjanus Griseus",-76.319153,37.110711,1,-76.319153,37.110711
"184","Lutjanus Griseus",-61.697131,16.334667,1,-61.697131,16.334667
"185","Lutjanus Griseus",-82.992432,27.867305,1,-82.992432,27.867305
"186","Lutjanus Griseus",-82.920943,27.992609,1,-82.920943,27.992609
"187","Lutjanus Griseus",-82.93525,27.888128,1,-82.93525,27.888128
"188","Lutjanus Griseus",-80.702102,28.416991,1,-80.702102,28.416991
"189","Lutjanus Griseus",-96.193421,27.505134,1,-96.193421,27.505134
"190","Lutjanus Griseus",-76.507083,37.238132,1,-76.507083,37.238132
"191","Lutjanus Griseus",-90.049018,21.161667,1,-90.049018,21.161667
"192","Lutjanus Griseus",-60.866722,14.46219,1,-60.866722,14.46219
"193","Lutjanus Griseus",-82.617055,27.383999,1,-82.617055,27.383999
"194","Lutjanus Griseus",-96.64952,26.883173,1,-96.64952,26.883173
"195","Lutjanus Griseus",-71.72852,12.40745,1,-71.72852,12.40745
"196","Lutjanus Griseus",-81.872309,26.640597,1,-81.872309,26.640597
"197","Lutjanus Griseus",-82.907339,27.935421,1,-82.907339,27.935421
"198","Lutjanus Griseus",-82.321347,27.481132,1,-82.321347,27.481132
"199","Lutjanus Griseus",-82.469108,27.112184,1,-82.469108,27.112184
"200","Lutjanus Griseus",-74.039622,40.000208,1,-74.039622,40.000208
"201","Lutjanus Griseus",-97.27476,27.912062,1,-97.27476,27.912062
"202","Lutjanus Griseus",-94.883581,29.284518,1,-94.883581,29.284518
"203","Lutjanus Griseus",-90.083306,29.1902,1,-90.083306,29.1902
"204","Lutjanus Griseus",-94.773176,29.189133,1,-94.773176,29.189133
"205","Lutjanus Griseus",-82.714452,27.841889,1,-82.714452,27.841889
"206","Lutjanus Griseus",-66.237591,17.921367,1,-66.237591,17.921367
"207","Lutjanus Griseus",-81.658463,25.899625,1,-81.658463,25.899625
"208","Lutjanus Griseus",-80.280889,25.311358,1,-80.280889,25.311358
"209","Lutjanus Griseus",-88.004422,17.752042,1,-88.004422,17.752042
"210","Lutjanus Griseus",-82.481515,27.01126,1,-82.481515,27.01126
"211","Lutjanus Griseus",-73.263884,40.643661,1,-73.263884,40.643661
"212","Lutjanus Griseus",-82.575539,28.715701,1,-82.575539,28.715701
"213","Lutjanus Griseus",-72.867082,40.793726,1,-72.867082,40.793726
"214","Lutjanus Griseus",-81.47058,30.76435,1,-81.47058,30.76435
"215","Lutjanus Griseus",-81.430061,30.668407,1,-81.430061,30.668407
"216","Lutjanus Griseus",-93.76314,29.920354,1,-93.76314,29.920354
"217","Lutjanus Griseus",-72.656458,40.927902,1,-72.656458,40.927902
"218","Lutjanus Griseus",-81.460118,30.550454,1,-81.460118,30.550454
"219","Lutjanus Griseus",-84.395175,29.90993,1,-84.395175,29.90993
"220","Lutjanus Griseus",-88.84928,30.367428,1,-88.84928,30.367428
"221","Lutjanus Griseus",-74.341617,39.56391,1,-74.341617,39.56391
"222","Lutjanus Griseus",-80.036027,26.613279,1,-80.036027,26.613279
"223","Lutjanus Griseus",-82.64167,27.889513,1,-82.64167,27.889513
"224","Lutjanus Griseus",-74.17551,40.078873,1,-74.17551,40.078873
"225","Lutjanus Griseus",-83.001795,28.044892,1,-83.001795,28.044892
"226","Lutjanus Griseus",-81.101219,24.711353,1,-81.101219,24.711353
"227","Lutjanus Griseus",-86.853827,30.378782,1,-86.853827,30.378782
"228","Lutjanus Griseus",-96.759097,26.8716,1,-96.759097,26.8716
"229","Lutjanus Griseus",-64.932739,32.359711,1,-64.932739,32.359711
"230","Lutjanus Griseus",-75.847166,37.272185,1,-75.847166,37.272185
"231","Lutjanus Griseus",-74.115302,40.093991,1,-74.115302,40.093991
"232","Lutjanus Griseus",-87.255528,30.320259,1,-87.255528,30.320259
"233","Lutjanus Griseus",-94.804073,29.29191,1,-94.804073,29.29191
"234","Lutjanus Griseus",-81.137999,22.166589,1,-81.137999,22.166589
"235","Lutjanus Griseus",-72.579276,40.903887,1,-72.579276,40.903887
"236","Lutjanus Griseus",-72.298375,21.750572,1,-72.298375,21.750572
"237","Lutjanus Griseus",-81.32045,24.698572,1,-81.32045,24.698572
"238","Lutjanus Griseus",-81.814735,26.092411,1,-81.814735,26.092411
"239","Lutjanus Griseus",-72.417475,40.950865,1,-72.417475,40.950865
"240","Lutjanus Griseus",-70.207541,41.274781,1,-70.207541,41.274781
"241","Lutjanus Griseus",-87.942183,17.945987,1,-87.942183,17.945987
"242","Lutjanus Griseus",-87.402579,30.303034,1,-87.402579,30.303034
"243","Lutjanus Griseus",-78.591164,26.535072,1,-78.591164,26.535072
"244","Lutjanus Griseus",-86.979287,20.2809,1,-86.979287,20.2809
"245","Lutjanus Griseus",-96.380756,27.699184,1,-96.380756,27.699184
"246","Lutjanus Griseus",-81.519683,24.727905,1,-81.519683,24.727905
"247","Lutjanus Griseus",-71.654584,19.866978,1,-71.654584,19.866978
"248","Lutjanus Griseus",-80.042542,27.189455,1,-80.042542,27.189455
"249","Lutjanus Griseus",-81.587098,30.749181,1,-81.587098,30.749181
"250","Lutjanus Griseus",-82.143936,9.255408,1,-82.143936,9.255408
"251","Lutjanus Griseus",-82.730922,27.533889,1,-82.730922,27.533889
"252","Lutjanus Griseus",-88.072608,17.552567,1,-88.072608,17.552567
"253","Lutjanus Griseus",-72.131836,21.808869,1,-72.131836,21.808869
"254","Lutjanus Griseus",-80.166108,25.84944,1,-80.166108,25.84944
"255","Lutjanus Griseus",-80.437326,25.087759,1,-80.437326,25.087759
"256","Lutjanus Griseus",-82.465212,26.918864,1,-82.465212,26.918864
"257","Lutjanus Griseus",-61.180055,16.248708,1,-61.180055,16.248708
"258","Lutjanus Griseus",-86.586212,30.39873,1,-86.586212,30.39873
"259","Lutjanus Griseus",-79.2065,25.417211,1,-79.2065,25.417211
"260","Lutjanus Griseus",-82.314071,26.803733,1,-82.314071,26.803733
"261","Lutjanus Griseus",-96.919551,27.403562,1,-96.919551,27.403562
"262","Lutjanus Griseus",-86.381696,16.380023,1,-86.381696,16.380023
"263","Lutjanus Griseus",-88.089841,17.194381,1,-88.089841,17.194381
"264","Lutjanus Griseus",-88.0278,17.8601,1,-88.0278,17.8601
"265","Lutjanus Griseus",-82.666078,27.632725,1,-82.666078,27.632725
"266","Lutjanus Griseus",-88.083832,17.74439,1,-88.083832,17.74439
"267","Lutjanus Griseus",-88.798336,30.39376,1,-88.798336,30.39376
"268","Lutjanus Griseus",-82.774828,28.144871,1,-82.774828,28.144871
"269","Lutjanus Griseus",-82.103786,26.112022,1,-82.103786,26.112022
"270","Lutjanus Griseus",-89.493,29.226,1,-89.493,29.226
"271","Lutjanus Griseus",-96.8289,28.4071,1,-96.8289,28.4071
"272","Lutjanus Griseus",-97.019544,27.992421,1,-97.019544,27.992421
"273","Lutjanus Griseus",-93.8174,27.8741,1,-93.8174,27.8741
"274","Lutjanus Griseus",-96.225,28.675,1,-96.225,28.675
"275","Lutjanus Griseus",-96.49908,28.752485,1,-96.49908,28.752485
"276","Lutjanus Griseus",-95.63422,28.77219,1,-95.63422,28.77219
"277","Lutjanus Griseus",-95.24329,28.98268,1,-95.24329,28.98268
"278","Lutjanus Griseus",-95.97653,28.68258,1,-95.97653,28.68258
"279","Lutjanus Griseus",-93.5994,27.9078,1,-93.5994,27.9078
"280","Lutjanus Griseus",-96.852286,28.551625,1,-96.852286,28.551625
"281","Lutjanus Griseus",-88.564074,30.368946,1,-88.564074,30.368946
"282","Lutjanus Griseus",-78.685854,22.61234,1,-78.685854,22.61234
"283","Lutjanus Griseus",-81.313051,24.647234,1,-81.313051,24.647234
"284","Lutjanus Griseus",-65.32479,18.29841,1,-65.32479,18.29841
"285","Lutjanus Griseus",-65.68559,18.1024,1,-65.68559,18.1024
"286","Lutjanus Griseus",-65.33181,18.09878,1,-65.33181,18.09878
"287","Lutjanus Griseus",-65.26908,18.29649,1,-65.26908,18.29649
"288","Lutjanus Griseus",-65.4456,18.20545,1,-65.4456,18.20545
"289","Lutjanus Griseus",-67.30788,18.03,1,-67.30788,18.03
"290","Lutjanus Griseus",-65.3757,18.32659,1,-65.3757,18.32659
"291","Lutjanus Griseus",-65.53025,18.17707,1,-65.53025,18.17707
"292","Lutjanus Griseus",-82.75966,29.002399,1,-82.75966,29.002399
"293","Lutjanus Griseus",-82.782805,27.502858,1,-82.782805,27.502858
"294","Lutjanus Griseus",-63.044546,18.021574,1,-63.044546,18.021574
"295","Lutjanus Griseus",-82.685425,29.007692,1,-82.685425,29.007692
"296","Lutjanus Griseus",-81.08057,29.132367,1,-81.08057,29.132367
"297","Lutjanus Griseus",-34.44022,-8.04725,1,-34.44022,-8.04725
"298","Lutjanus Griseus",-82.677597,28.775622,1,-82.677597,28.775622
"299","Lutjanus Griseus",-77.052078,26.547072,1,-77.052078,26.547072
"300","Lutjanus Griseus",-87.977898,17.862745,1,-87.977898,17.862745
"301","Lutjanus Griseus",-81.387497,25.8635,1,-81.387497,25.8635
"302","Lutjanus Griseus",-87.70368,18.718896,1,-87.70368,18.718896
"303","Lutjanus Griseus",-80.954931,22.043816,1,-80.954931,22.043816
"304","Lutjanus Griseus",-81.084267,29.326797,1,-81.084267,29.326797
"305","Lutjanus Griseus",-87.161922,20.530821,1,-87.161922,20.530821
"306","Lutjanus Griseus",-82.402271,27.792607,1,-82.402271,27.792607
"307","Lutjanus Griseus",-77.330783,26.75981,1,-77.330783,26.75981
"308","Lutjanus Griseus",-82.212736,26.959458,1,-82.212736,26.959458
"309","Lutjanus Griseus",-82.3284,26.90562,1,-82.3284,26.90562
"310","Lutjanus Griseus",-96.955439,27.571712,1,-96.955439,27.571712
"311","Lutjanus Griseus",-87.3,20.449999,1,-87.3,20.449999
"312","Lutjanus Griseus",-46.795008,-24.194138,1,-46.795008,-24.194138
"313","Lutjanus Griseus",-81.82007,26.29365,1,-81.82007,26.29365
"314","Lutjanus Griseus",-82.09677,26.55203,1,-82.09677,26.55203
"315","Lutjanus Griseus",-82.096511,26.500075,1,-82.096511,26.500075
"316","Lutjanus Griseus",-61.061105,14.549752,1,-61.061105,14.549752
"317","Lutjanus Griseus",-83.561627,30.316099,1,-83.561627,30.316099
"318","Lutjanus Griseus",-81.862386,24.56139,1,-81.862386,24.56139
"319","Lutjanus Griseus",-81.777163,25.921789,1,-81.777163,25.921789
"320","Lutjanus Griseus",-83.393326,30.31254,1,-83.393326,30.31254
"321","Lutjanus Griseus",-77.084319,26.293433,1,-77.084319,26.293433
"322","Lutjanus Griseus",-87.999722,17.797222,1,-87.999722,17.797222
"323","Lutjanus Griseus",-64.866723,32.309018,1,-64.866723,32.309018
"324","Lutjanus Griseus",-87.987995,17.22846,1,-87.987995,17.22846
"325","Lutjanus Griseus",-81.374295,24.725911,1,-81.374295,24.725911
"326","Lutjanus Griseus",-81.569242,21.607992,1,-81.569242,21.607992
"327","Lutjanus Griseus",-87.811558,16.742037,1,-87.811558,16.742037
"328","Lutjanus Griseus",-82.565239,27.306865,1,-82.565239,27.306865
"329","Lutjanus Griseus",-88.061275,16.897581,1,-88.061275,16.897581
"330","Lutjanus Griseus",-64.865529,18.349829,1,-64.865529,18.349829
"331","Lutjanus Griseus",-80.17137,26.203386,1,-80.17137,26.203386
"332","Lutjanus Griseus",-80.677135,24.876999,1,-80.677135,24.876999
"333","Lutjanus Griseus",-76.743007,18.001488,1,-76.743007,18.001488
"334","Lutjanus Griseus",-87.585354,30.33115,1,-87.585354,30.33115
"335","Lutjanus Griseus",-76.445745,24.172435,1,-76.445745,24.172435
"336","Lutjanus Griseus",-78.423844,22.551308,1,-78.423844,22.551308
"337","Lutjanus Griseus",-40.254147,-20.272424,1,-40.254147,-20.272424
"338","Lutjanus Griseus",-80.09964,25.57251,1,-80.09964,25.57251
"339","Lutjanus Griseus",-80.80955,24.73597,1,-80.80955,24.73597
"340","Lutjanus Griseus",-75.155228,38.246925,1,-75.155228,38.246925
"341","Lutjanus Griseus",-87.550502,30.277935,1,-87.550502,30.277935
"342","Lutjanus Griseus",-88.279962,21.570462,1,-88.279962,21.570462
"343","Lutjanus Griseus",-88.11241,15.69625,1,-88.11241,15.69625
"344","Lutjanus Griseus",-64.746261,18.366129,1,-64.746261,18.366129
"345","Lutjanus Griseus",-80.811913,24.619216,1,-80.811913,24.619216
"346","Lutjanus Griseus",-80.157013,26.384658,1,-80.157013,26.384658
"347","Lutjanus Griseus",-81.99913,26.516987,1,-81.99913,26.516987
"348","Lutjanus Griseus",-81.41827,31.041243,1,-81.41827,31.041243
"349","Lutjanus Griseus",-66.75077,11.84919,1,-66.75077,11.84919
"350","Lutjanus Griseus",-87.645909,29.823141,1,-87.645909,29.823141
"351","Lutjanus Griseus",-82.631632,27.716036,1,-82.631632,27.716036
"352","Lutjanus Griseus",-96.553027,27.232124,1,-96.553027,27.232124
"353","Lutjanus Griseus",-96.612438,27.182748,1,-96.612438,27.182748
"354","Lutjanus Griseus",-80.007555,26.111459,1,-80.007555,26.111459
"355","Lutjanus Griseus",-87.678984,30.256052,1,-87.678984,30.256052
"356","Lutjanus Griseus",-88.022738,17.602886,1,-88.022738,17.602886
"357","Lutjanus Griseus",-82.765677,27.448977,1,-82.765677,27.448977
"358","Lutjanus Griseus",-68.967729,12.10099,1,-68.967729,12.10099
"359","Lutjanus Griseus",-80.270076,25.459313,1,-80.270076,25.459313
"360","Lutjanus Griseus",-86.965204,20.456993,1,-86.965204,20.456993
"361","Lutjanus Griseus",-80.67305,32.214144,1,-80.67305,32.214144
"362","Lutjanus Griseus",-78.059376,33.928271,1,-78.059376,33.928271
"363","Lutjanus Griseus",-61.768492,16.059842,1,-61.768492,16.059842
"364","Lutjanus Griseus",-80.001611,21.739493,1,-80.001611,21.739493
"365","Lutjanus Griseus",-65.469187,18.09312,1,-65.469187,18.09312
"366","Lutjanus Griseus",-61.679859,10.696332,1,-61.679859,10.696332
"367","Lutjanus Griseus",-79.177066,22.639266,1,-79.177066,22.639266
"368","Lutjanus Griseus",-47.9215108,-24.1996764,1,-47.9215108,-24.1996764
"369","Lutjanus Griseus",-82.257233,26.745975,1,-82.257233,26.745975
"370","Lutjanus Griseus",-81.371774,29.714604,1,-81.371774,29.714604
"371","Lutjanus Griseus",-82.726158,28.2724,1,-82.726158,28.2724
"372","Lutjanus Griseus",-80.3329,25.2266,1,-80.3329,25.2266
"373","Lutjanus Griseus",-80.042819,26.545626,1,-80.042819,26.545626
"374","Lutjanus Griseus",-68.289178,12.170503,1,-68.289178,12.170503
"375","Lutjanus Griseus",-66.52824,17.89507,1,-66.52824,17.89507
"376","Lutjanus Griseus",-61.748117,10.688552,1,-61.748117,10.688552
"377","Lutjanus Griseus",-97.058377,27.841694,1,-97.058377,27.841694
"378","Lutjanus Griseus",-81.649877,30.317743,1,-81.649877,30.317743
"379","Lutjanus Griseus",-82.564011,28.790958,1,-82.564011,28.790958
"380","Lutjanus Griseus",-83.035121,29.138577,1,-83.035121,29.138577
"381","Lutjanus Griseus",-90.727577,19.359149,1,-90.727577,19.359149
"382","Lutjanus Griseus",-82.626113,27.772406,1,-82.626113,27.772406
"383","Lutjanus Griseus",-75.991158,37.280937,1,-75.991158,37.280937
"384","Lutjanus Griseus",-87.234511,21.523839,1,-87.234511,21.523839
"385","Lutjanus Griseus",-86.512359,30.392358,1,-86.512359,30.392358
"386","Lutjanus Griseus",-96.817058,28.030397,1,-96.817058,28.030397
"387","Lutjanus Griseus",-82.936792,27.833341,1,-82.936792,27.833341
"388","Lutjanus Griseus",-82.971262,27.947286,1,-82.971262,27.947286
"389","Lutjanus Griseus",-78.865013,26.578991,1,-78.865013,26.578991
"390","Lutjanus Griseus",-96.66504,27.156315,1,-96.66504,27.156315
"391","Lutjanus Griseus",-82.869481,27.80488,1,-82.869481,27.80488
"392","Lutjanus Griseus",-69.142493,12.181794,1,-69.142493,12.181794
"393","Lutjanus Griseus",-82.854008,27.938913,1,-82.854008,27.938913
"394","Lutjanus Griseus",-86.910151,16.089094,1,-86.910151,16.089094
"395","Lutjanus Griseus",-97.774752,22.266578,1,-97.774752,22.266578
"396","Lutjanus Griseus",-87.931193,15.829162,1,-87.931193,15.829162
"397","Lutjanus Griseus",-86.952688,21.498378,1,-86.952688,21.498378
"398","Lutjanus Griseus",-81.347197,31.180503,1,-81.347197,31.180503
"399","Lutjanus Griseus",-82.462673,27.708827,1,-82.462673,27.708827
"400","Lutjanus Griseus",-34.998318,-8.511314,1,-34.998318,-8.511314
"401","Lutjanus Griseus",-82.269193,9.404795,1,-82.269193,9.404795
"402","Lutjanus Griseus",-82.756163,9.656503,1,-82.756163,9.656503
"403","Lutjanus Griseus",-82.254814,23.176453,1,-82.254814,23.176453
"404","Lutjanus Griseus",-78.394387,27.256545,1,-78.394387,27.256545
"405","Lutjanus Griseus",-80.120208,26.103153,1,-80.120208,26.103153
"406","Lutjanus Griseus",-95.719697,29.891246,1,-95.719697,29.891246
"407","Lutjanus Griseus",-87.192703,30.351522,1,-87.192703,30.351522
"408","Lutjanus Griseus",-82.68534,27.438334,1,-82.68534,27.438334
"409","Lutjanus Griseus",-94.814575,29.365403,1,-94.814575,29.365403
"410","Lutjanus Griseus",-89.031583,30.380353,1,-89.031583,30.380353
"411","Lutjanus Griseus",-85.32647,29.687962,1,-85.32647,29.687962
"412","Lutjanus Griseus",-64.639968,18.420695,1,-64.639968,18.420695
"413","Lutjanus Griseus",-64.68175,32.385909,1,-64.68175,32.385909
"414","Lutjanus Griseus",-82.536208,27.245913,1,-82.536208,27.245913
"415","Lutjanus Griseus",-80.155761,25.726908,1,-80.155761,25.726908
"416","Lutjanus Griseus",-80.402192,29.320862,1,-80.402192,29.320862
"417","Lutjanus Griseus",-81.940814,26.127446,1,-81.940814,26.127446
"418","Lutjanus Griseus",-86.717878,21.204872,1,-86.717878,21.204872
"419","Lutjanus Griseus",-86.944624,20.50717,1,-86.944624,20.50717
"420","Lutjanus Griseus",-83.033168,28.00645,1,-83.033168,28.00645
"421","Lutjanus Griseus",-82.871236,27.872947,1,-82.871236,27.872947
"422","Lutjanus Griseus",-77.268395,25.098789,1,-77.268395,25.098789
"423","Lutjanus Griseus",-81.018303,24.92563,1,-81.018303,24.92563
"424","Lutjanus Griseus",-81.777786,24.64249,1,-81.777786,24.64249
"425","Lutjanus Griseus",-89.131819,30.351362,1,-89.131819,30.351362
"426","Lutjanus Griseus",-81.650855,24.702228,1,-81.650855,24.702228
"427","Lutjanus Griseus",-88.295418,30.386488,1,-88.295418,30.386488
"428","Lutjanus Griseus",-95.914403,28.710703,1,-95.914403,28.710703
"429","Lutjanus Griseus",-80.18786,25.691279,1,-80.18786,25.691279
"430","Lutjanus Griseus",-80.969342,24.758872,1,-80.969342,24.758872
"431","Lutjanus Griseus",-82.80714,27.96867,1,-82.80714,27.96867
"432","Lutjanus Griseus",-82.613742,27.637186,1,-82.613742,27.637186
"433","Lutjanus Griseus",-82.783103,27.783572,1,-82.783103,27.783572
"434","Lutjanus Griseus",-87.311676,30.325954,1,-87.311676,30.325954
"435","Lutjanus Griseus",-95.131272,29.08097,1,-95.131272,29.08097
"436","Lutjanus Griseus",-82.410408,27.010206,1,-82.410408,27.010206
"437","Lutjanus Griseus",-87.824167,18.126944,1,-87.824167,18.126944
"438","Lutjanus Griseus",-81.093031,24.775306,1,-81.093031,24.775306
"439","Lutjanus Griseus",-86.201308,30.322567,1,-86.201308,30.322567
"440","Lutjanus Griseus",-82.771233,27.839705,1,-82.771233,27.839705
"441","Lutjanus Griseus",-81.862808,26.364284,1,-81.862808,26.364284
"442","Lutjanus Griseus",-83.370893,29.519187,1,-83.370893,29.519187
"443","Lutjanus Griseus",-86.751303,21.260934,1,-86.751303,21.260934
"444","Lutjanus Griseus",-81.294853,29.814378,1,-81.294853,29.814378
"445","Lutjanus Griseus",-64.833575,32.256772,1,-64.833575,32.256772
"446","Lutjanus Griseus",-80.15848,26.310261,1,-80.15848,26.310261
"447","Lutjanus Griseus",-85.730601,30.125535,1,-85.730601,30.125535
"448","Lutjanus Griseus",-82.204165,9.28968,1,-82.204165,9.28968
"449","Lutjanus Griseus",-97.187677,28.070575,1,-97.187677,28.070575
"450","Lutjanus Griseus",-87.028004,20.344196,1,-87.028004,20.344196
"451","Lutjanus Griseus",-81.915927,24.561555,1,-81.915927,24.561555
"452","Lutjanus Griseus",-82.441605,27.056836,1,-82.441605,27.056836
"453","Lutjanus Griseus",-77.327999,25.08784,1,-77.327999,25.08784
"454","Lutjanus Griseus",-63.04727,18.1339,1,-63.04727,18.1339
"455","Lutjanus Griseus",-64.736583,32.323782,1,-64.736583,32.323782
"456","Lutjanus Griseus",-64.94592,18.28068,1,-64.94592,18.28068
"457","Lutjanus Griseus",-64.75917,17.78523,1,-64.75917,17.78523
"458","Lutjanus Griseus",-64.99104,18.31822,1,-64.99104,18.31822
"459","Lutjanus Griseus",-64.6988,17.7615,1,-64.6988,17.7615
"460","Lutjanus Griseus",-96.0921,19.149692,1,-96.0921,19.149692
"461","Lutjanus Griseus",-82.653044,28.490845,1,-82.653044,28.490845
"462","Lutjanus Griseus",-88.577808,29.94747,1,-88.577808,29.94747
"463","Lutjanus Griseus",-80.149133,25.646866,1,-80.149133,25.646866
"464","Lutjanus Griseus",-64.786457,32.290987,1,-64.786457,32.290987
"465","Lutjanus Griseus",-80.072778,26.316463,1,-80.072778,26.316463
"466","Lutjanus Griseus",-76.387632,24.908356,1,-76.387632,24.908356
"467","Lutjanus Griseus",-82.788278,28.19268,1,-82.788278,28.19268
"468","Lutjanus Griseus",-82.531717,27.982313,1,-82.531717,27.982313
"469","Lutjanus Griseus",-80.818887,28.911733,1,-80.818887,28.911733
"470","Lutjanus Griseus",-86.616301,20.467064,1,-86.616301,20.467064
"471","Lutjanus Griseus",-82.623135,28.53116,1,-82.623135,28.53116
"472","Lutjanus Griseus",-80.088099,26.25307,1,-80.088099,26.25307
"473","Lutjanus Griseus",-65.720475,18.389961,1,-65.720475,18.389961
"474","Lutjanus Griseus",-66.0823,18.46118,1,-66.0823,18.46118
"475","Lutjanus Griseus",-66.85434,17.95632,1,-66.85434,17.95632
"476","Lutjanus Griseus",-67.26573,18.35065,1,-67.26573,18.35065
"477","Lutjanus Griseus",-86.139455,30.473028,1,-86.139455,30.473028
"478","Lutjanus Griseus",-95.9919,27.704336,1,-95.9919,27.704336
"479","Lutjanus Griseus",-86.668587,20.735229,1,-86.668587,20.735229
"480","Lutjanus Griseus",-78.401819,26.605493,1,-78.401819,26.605493
"481","Lutjanus Griseus",-65.447463,18.146954,1,-65.447463,18.146954
"482","Lutjanus Griseus",-82.070639,26.825856,1,-82.070639,26.825856
"483","Lutjanus Griseus",-81.468327,24.646242,1,-81.468327,24.646242
"484","Lutjanus Griseus",-96.661139,20.059572,1,-96.661139,20.059572
"485","Lutjanus Griseus",-86.701529,20.606443,1,-86.701529,20.606443
"486","Lutjanus Griseus",-70.1477,11.5446,1,-70.1477,11.5446
"487","Lutjanus Griseus",-87.355195,20.198604,1,-87.355195,20.198604
"488","Lutjanus Griseus",-82.522208,27.373801,1,-82.522208,27.373801
"489","Lutjanus Griseus",-60.532807,11.302845,1,-60.532807,11.302845
"490","Lutjanus Griseus",-81.372292,24.66934,1,-81.372292,24.66934
"491","Lutjanus Griseus",-82.244936,9.361891,1,-82.244936,9.361891
"492","Lutjanus Griseus",-80.150176,26.989008,1,-80.150176,26.989008
"493","Lutjanus Griseus",-76.517029,24.2661,1,-76.517029,24.2661
"494","Lutjanus Griseus",-79.868772,25.899399,1,-79.868772,25.899399
"495","Lutjanus Griseus",-88.37196,16.563103,1,-88.37196,16.563103
"496","Lutjanus Griseus",-82.754762,27.740055,1,-82.754762,27.740055
"497","Lutjanus Griseus",-77.8245,25.7382,1,-77.8245,25.7382
"498","Lutjanus Griseus",-77.8352,25.6907,1,-77.8352,25.6907
"499","Lutjanus Griseus",-97.320833,27.454722,1,-97.320833,27.454722
"500","Lutjanus Griseus",-97.430556,27.164444,1,-97.430556,27.164444
"501","Lutjanus Griseus",-97.619167,27.241667,1,-97.619167,27.241667
"502","Lutjanus Griseus",-97.359167,27.367778,1,-97.359167,27.367778
"503","Lutjanus Griseus",-97.565833,27.236111,1,-97.565833,27.236111
"504","Lutjanus Griseus",-97.397222,27.333889,1,-97.397222,27.333889
"505","Lutjanus Griseus",-97.368611,27.414444,1,-97.368611,27.414444
"506","Lutjanus Griseus",-97.250833,27.589167,1,-97.250833,27.589167
"507","Lutjanus Griseus",-97.501667,27.241111,1,-97.501667,27.241111
"508","Lutjanus Griseus",-93.925833,29.772778,1,-93.925833,29.772778
"509","Lutjanus Griseus",-97.222222,26.079167,1,-97.222222,26.079167
"510","Lutjanus Griseus",-97.444444,26.6175,1,-97.444444,26.6175
"511","Lutjanus Griseus",-97.369167,27.742222,1,-97.369167,27.742222
"512","Lutjanus Griseus",-97.158056,27.821667,1,-97.158056,27.821667
"513","Lutjanus Griseus",-97.251944,27.6975,1,-97.251944,27.6975
"514","Lutjanus Griseus",-97.378889,27.874722,1,-97.378889,27.874722
"515","Lutjanus Griseus",-97.4675,27.824167,1,-97.4675,27.824167
"516","Lutjanus Griseus",-97.411389,27.829167,1,-97.411389,27.829167
"517","Lutjanus Griseus",-75.746444,10.234194,1,-75.746444,10.234194
"518","Lutjanus Griseus",-71.961144,12.183778,1,-71.961144,12.183778
"519","Lutjanus Griseus",-74.085574,11.320529,1,-74.085574,11.320529
"520","Lutjanus Griseus",-68.213117,10.870446,1,-68.213117,10.870446
"521","Lutjanus Griseus",-87.430886,20.19561,1,-87.430886,20.19561
"522","Lutjanus Griseus",-76.4429,38.8635,1,-76.4429,38.8635
"523","Lutjanus Griseus",-80.12185,26.215242,1,-80.12185,26.215242
"524","Lutjanus Griseus",-61.024174,14.641528,1,-61.024174,14.641528
"525","Lutjanus Griseus",-93.843889,29.820278,1,-93.843889,29.820278
"526","Lutjanus Griseus",-97.168889,27.753889,1,-97.168889,27.753889
"527","Lutjanus Griseus",-97.413333,26.51,1,-97.413333,26.51
"528","Lutjanus Griseus",-97.168611,26.065278,1,-97.168611,26.065278
"529","Lutjanus Griseus",-97.341667,26.413056,1,-97.341667,26.413056
"530","Lutjanus Griseus",-96.546127,26.635036,1,-96.546127,26.635036
"531","Lutjanus Griseus",-77.142247,25.027014,1,-77.142247,25.027014
"532","Lutjanus Griseus",-80.406076,25.125246,1,-80.406076,25.125246
"533","Lutjanus Griseus",-74.200888,39.617037,1,-74.200888,39.617037
"534","Lutjanus Griseus",-75.62167,35.84732,1,-75.62167,35.84732
"535","Lutjanus Griseus",-80.042442,26.817587,1,-80.042442,26.817587
"536","Lutjanus Griseus",-80.112056,25.890451,1,-80.112056,25.890451
"537","Lutjanus Griseus",-75.093103,38.795742,1,-75.093103,38.795742
"538","Lutjanus Griseus",-80.233305,25.727312,1,-80.233305,25.727312
"539","Lutjanus Griseus",-81.549247,25.878719,1,-81.549247,25.878719
"540","Lutjanus Griseus",-80.340022,27.502063,1,-80.340022,27.502063
"541","Lutjanus Griseus",-82.692291,27.800081,1,-82.692291,27.800081
"542","Lutjanus Griseus",-82.070153,26.954595,1,-82.070153,26.954595
"543","Lutjanus Griseus",-81.991093,24.550391,1,-81.991093,24.550391
"544","Lutjanus Griseus",-76.34,37,1,-76.34,37
"545","Lutjanus Griseus",-76.66,37.21,1,-76.66,37.21
"546","Lutjanus Griseus",-96.23,19.35,1,-96.23,19.35
"547","Lutjanus Griseus",-81,25,1,-81,25
"548","Lutjanus Griseus",-82.17,26.77,1,-82.17,26.77
"549","Lutjanus Griseus",-87.83,18.31,1,-87.83,18.31
"550","Lutjanus Griseus",-64.922025,18.324043,1,-64.922025,18.324043
"551","Lutjanus Griseus",-81.504907,30.335855,1,-81.504907,30.335855
"552","Lutjanus Griseus",-82.589811,28.887896,1,-82.589811,28.887896
"553","Lutjanus Griseus",-80.043878,26.772063,1,-80.043878,26.772063
"554","Lutjanus Griseus",-76.336705,37.396779,1,-76.336705,37.396779
"555","Lutjanus Griseus",-80.595925,24.948197,1,-80.595925,24.948197
"556","Lutjanus Griseus",-80.187961,25.768533,1,-80.187961,25.768533
"557","Lutjanus Griseus",-80.065917,26.447528,1,-80.065917,26.447528
"558","Lutjanus Griseus",-68.281226,12.070432,1,-68.281226,12.070432
"559","Lutjanus Griseus",-64.888583,32.388817,1,-64.888583,32.388817
"560","Lutjanus Griseus",-81.515753,27.617262,1,-81.515753,27.617262
"561","Lutjanus Griseus",-80.533646,25.215158,1,-80.533646,25.215158
"562","Lutjanus Griseus",-87.02058,30.452388,1,-87.02058,30.452388
"563","Lutjanus Griseus",-82.657653,28.824755,1,-82.657653,28.824755
"564","Lutjanus Griseus",-81.854865,26.427892,1,-81.854865,26.427892
"565","Lutjanus Griseus",-81.636901,30.191041,1,-81.636901,30.191041
"566","Lutjanus Griseus",-81.813042,26.382464,1,-81.813042,26.382464
"567","Lutjanus Griseus",-81.111009,29.094426,1,-81.111009,29.094426
"568","Lutjanus Griseus",-87.415491,30.352006,1,-87.415491,30.352006
"569","Lutjanus Griseus",-81.011579,29.117696,1,-81.011579,29.117696
"570","Lutjanus Griseus",-82.633972,27.594501,1,-82.633972,27.594501
"571","Lutjanus Griseus",-74.090879,40.439461,1,-74.090879,40.439461
"572","Lutjanus Griseus",-81.015417,24.725917,1,-81.015417,24.725917
"573","Lutjanus Griseus",-87.281862,30.380972,1,-87.281862,30.380972
"574","Lutjanus Griseus",-77.950198,18.460415,1,-77.950198,18.460415
"575","Lutjanus Griseus",-65.635956,18.287383,1,-65.635956,18.287383
"576","Lutjanus Griseus",-81.641836,25.950627,1,-81.641836,25.950627
"577","Lutjanus Griseus",-80.539489,27.830852,1,-80.539489,27.830852
"578","Lutjanus Griseus",-81.717278,30.273958,1,-81.717278,30.273958
"579","Lutjanus Griseus",-64.694369,18.355691,1,-64.694369,18.355691
"580","Lutjanus Griseus",-80.923586,25.141048,1,-80.923586,25.141048
"581","Lutjanus Griseus",-91.57,18.708,1,-91.57,18.708
"582","Lutjanus Griseus",-91.43,18.572,1,-91.43,18.572
"583","Lutjanus Griseus",-97.254461,27.650877,1,-97.254461,27.650877
"584","Lutjanus Griseus",-97.097747,27.776552,1,-97.097747,27.776552
"585","Lutjanus Griseus",-97.274609,27.475166,1,-97.274609,27.475166
"586","Lutjanus Griseus",-82.507377,27.510036,1,-82.507377,27.510036
"587","Lutjanus Griseus",-87.994325,15.789129,1,-87.994325,15.789129
"588","Lutjanus Griseus",-76.328,37.286,1,-76.328,37.286
"589","Lutjanus Griseus",-80.1996,27.2025,1,-80.1996,27.2025
"590","Lutjanus Griseus",-97.2045,25.9584,1,-97.2045,25.9584
"591","Lutjanus Griseus",-80.1168,27.0489,1,-80.1168,27.0489
"592","Lutjanus Griseus",-60.783,11.1466,1,-60.783,11.1466
"593","Lutjanus Griseus",-81.32829,30.023354,1,-81.32829,30.023354
"594","Lutjanus Griseus",-82.013725,26.453362,1,-82.013725,26.453362
"595","Lutjanus Griseus",-72.484204,40.883162,1,-72.484204,40.883162
"596","Lutjanus Griseus",-81.716176,25.912906,1,-81.716176,25.912906
"597","Lutjanus Griseus",-80.915003,24.773449,1,-80.915003,24.773449
"598","Lutjanus Griseus",-82.664028,27.969667,1,-82.664028,27.969667
"599","Lutjanus Griseus",-82.069817,26.716222,1,-82.069817,26.716222
"600","Lutjanus Griseus",-94.967392,29.295156,1,-94.967392,29.295156
"601","Lutjanus Griseus",-82.502403,28.74887,1,-82.502403,28.74887
"602","Lutjanus Griseus",-72.232168,21.785495,1,-72.232168,21.785495
"603","Lutjanus Griseus",-81.312195,29.936696,1,-81.312195,29.936696
"604","Lutjanus Griseus",-82.453505,27.909775,1,-82.453505,27.909775
"605","Lutjanus Griseus",-82.220055,26.619907,1,-82.220055,26.619907
"606","Lutjanus Griseus",-82.439347,27.953188,1,-82.439347,27.953188
"607","Lutjanus Griseus",-74.257036,40.547194,1,-74.257036,40.547194
"608","Lutjanus Griseus",-82.976478,28.001239,1,-82.976478,28.001239
"609","Lutjanus Griseus",-88.78925,15.672461,1,-88.78925,15.672461
"610","Lutjanus Griseus",-96.35181,27.476733,1,-96.35181,27.476733
"611","Lutjanus Griseus",-60.701815,11.27534,1,-60.701815,11.27534
"612","Lutjanus Griseus",-96.666199,26.96093,1,-96.666199,26.96093
"613","Lutjanus Griseus",-68.998212,12.139047,1,-68.998212,12.139047
"614","Lutjanus Griseus",-96.51015,28.01482,1,-96.51015,28.01482
"615","Lutjanus Griseus",-82.573551,27.570437,1,-82.573551,27.570437
"616","Lutjanus Griseus",-77.376469,25.176164,1,-77.376469,25.176164
"617","Lutjanus Griseus",-96.6932,28.025017,1,-96.6932,28.025017
"618","Lutjanus Griseus",-84.646746,29.787218,1,-84.646746,29.787218
"619","Lutjanus Griseus",-68.229875,12.041419,1,-68.229875,12.041419
"620","Lutjanus Griseus",-68.233923,12.094255,1,-68.233923,12.094255
"621","Lutjanus Griseus",-68.294992,12.114816,1,-68.294992,12.114816
"622","Lutjanus Griseus",-87.357812,20.319359,1,-87.357812,20.319359
"623","Lutjanus Griseus",-80.292668,25.629119,1,-80.292668,25.629119
"624","Lutjanus Griseus",-64.793131,18.339678,1,-64.793131,18.339678
"625","Lutjanus Griseus",-80.183676,25.04989,1,-80.183676,25.04989
"626","Lutjanus Griseus",-97.033124,28.059634,1,-97.033124,28.059634
"627","Lutjanus Griseus",-81.676731,30.242169,1,-81.676731,30.242169
"628","Lutjanus Griseus",-86.796025,20.991331,1,-86.796025,20.991331
"629","Lutjanus Griseus",-77.51451,23.867925,1,-77.51451,23.867925
"630","Lutjanus Griseus",-96.406609,27.353399,1,-96.406609,27.353399
"631","Lutjanus Griseus",-96.329095,28.424258,1,-96.329095,28.424258
"632","Lutjanus Griseus",-82.6151,28.781372,1,-82.6151,28.781372
"633","Lutjanus Griseus",-86.865694,21.328456,1,-86.865694,21.328456
"634","Lutjanus Griseus",-86.796705,21.349,1,-86.796705,21.349
"635","Lutjanus Griseus",-87.765555,18.420833,1,-87.765555,18.420833
"636","Lutjanus Griseus",-87.430805,18.528944,1,-87.430805,18.528944
"637","Lutjanus Griseus",-87.263125,20.378538,1,-87.263125,20.378538
"638","Lutjanus Griseus",-82.641463,28.904428,1,-82.641463,28.904428
"639","Lutjanus Griseus",-75.784678,23.520872,1,-75.784678,23.520872
"640","Lutjanus Griseus",-66.3736,18.48955,1,-66.3736,18.48955
"641","Lutjanus Griseus",-77.411507,24.991998,1,-77.411507,24.991998
"642","Lutjanus Griseus",-88.583714,29.726423,1,-88.583714,29.726423
"643","Lutjanus Griseus",-81.281975,23.132958,1,-81.281975,23.132958
"644","Lutjanus Griseus",-95.437707,28.86055,1,-95.437707,28.86055
"645","Lutjanus Griseus",-95.188953,29.052773,1,-95.188953,29.052773
"646","Lutjanus Griseus",-95.470778,27.951978,1,-95.470778,27.951978
"647","Lutjanus Griseus",-97.337041,26.004162,1,-97.337041,26.004162
"648","Lutjanus Griseus",-93.887451,29.868317,1,-93.887451,29.868317
"649","Lutjanus Griseus",-97.146076,25.956024,1,-97.146076,25.956024
"650","Lutjanus Griseus",-97.118533,27.89204,1,-97.118533,27.89204
"651","Lutjanus Griseus",-97.174777,27.905832,1,-97.174777,27.905832
"652","Lutjanus Griseus",-79.853236,26.229062,1,-79.853236,26.229062
"653","Lutjanus Griseus",-80.84359,25.122718,1,-80.84359,25.122718
"654","Lutjanus Griseus",-80.715436,28.610037,1,-80.715436,28.610037
"655","Lutjanus Griseus",-87.907032,18.000471,1,-87.907032,18.000471
"656","Lutjanus Griseus",-97.038088,28.193152,1,-97.038088,28.193152
"657","Lutjanus Griseus",-97.104449,28.129146,1,-97.104449,28.129146
"658","Lutjanus Griseus",-96.379957,19.588474,1,-96.379957,19.588474
"659","Lutjanus Griseus",-60.92387,14.45646,1,-60.92387,14.45646
"660","Lutjanus Griseus",-60.97123,14.45485,1,-60.97123,14.45485
"661","Lutjanus Griseus",-60.90063,14.68137,1,-60.90063,14.68137
"662","Lutjanus Griseus",-61.09773,14.51015,1,-61.09773,14.51015
"663","Lutjanus Griseus",-61.83092,16.14202,1,-61.83092,16.14202
"664","Lutjanus Griseus",-61.54908,16.32105,1,-61.54908,16.32105
"665","Lutjanus Griseus",-61.83039,16.23241,1,-61.83039,16.23241
"666","Lutjanus Griseus",-82.77357,24.66562,1,-82.77357,24.66562
"667","Lutjanus Griseus",-82.99008,24.66113,1,-82.99008,24.66113
"668","Lutjanus Griseus",-82.823,24.67828,1,-82.823,24.67828
"669","Lutjanus Griseus",-82.95475,24.56501,1,-82.95475,24.56501
"670","Lutjanus Griseus",-82.868467,24.656617,1,-82.868467,24.656617
"671","Lutjanus Griseus",-82.929617,24.610483,1,-82.929617,24.610483
"672","Lutjanus Griseus",-83.04222,24.63715,1,-83.04222,24.63715
"673","Lutjanus Griseus",-81.837517,24.464483,1,-81.837517,24.464483
"674","Lutjanus Griseus",-81.7678,24.46855,1,-81.7678,24.46855
"675","Lutjanus Griseus",-80.126333,25.415233,1,-80.126333,25.415233
"676","Lutjanus Griseus",-87.213433,21.611649,1,-87.213433,21.611649
"677","Lutjanus Griseus",-79.828334,26.174206,1,-79.828334,26.174206
"678","Lutjanus Griseus",-94.525891,29.553405,1,-94.525891,29.553405
"679","Lutjanus Griseus",-97.170931,28.198081,1,-97.170931,28.198081
"680","Lutjanus Griseus",-80.25746,25.1437,1,-80.25746,25.1437
"681","Lutjanus Griseus",-80.30348,25.11228,1,-80.30348,25.11228
"682","Lutjanus Griseus",-80.41545,25.03729,1,-80.41545,25.03729
"683","Lutjanus Griseus",-81.57709,24.54955,1,-81.57709,24.54955
"684","Lutjanus Griseus",-80.95638,24.67573,1,-80.95638,24.67573
"685","Lutjanus Griseus",-80.374883,25.010183,1,-80.374883,25.010183
"686","Lutjanus Griseus",-80.54395,24.956767,1,-80.54395,24.956767
"687","Lutjanus Griseus",-80.75005,24.76755,1,-80.75005,24.76755
"688","Lutjanus Griseus",-80.414517,24.98065,1,-80.414517,24.98065
"689","Lutjanus Griseus",-80.28405,25.210917,1,-80.28405,25.210917
"690","Lutjanus Griseus",-80.141,25.36525,1,-80.141,25.36525
"691","Lutjanus Griseus",-81.776133,24.5436,1,-81.776133,24.5436
"692","Lutjanus Griseus",-80.24695,25.27285,1,-80.24695,25.27285
"693","Lutjanus Griseus",-81.655717,24.566667,1,-81.655717,24.566667
"694","Lutjanus Griseus",-80.19175,25.43765,1,-80.19175,25.43765
"695","Lutjanus Griseus",-83.09258,24.61655,1,-83.09258,24.61655
"696","Lutjanus Griseus",-82.049858,26.65892,1,-82.049858,26.65892
"697","Lutjanus Griseus",-64.976995,32.279108,1,-64.976995,32.279108
"698","Lutjanus Griseus",-68.89709,12.085085,1,-68.89709,12.085085
"699","Lutjanus Griseus",-78.019539,24.706381,1,-78.019539,24.706381
"700","Lutjanus Griseus",-82.91475,24.70965,1,-82.91475,24.70965
"701","Lutjanus Griseus",-82.863617,24.70505,1,-82.863617,24.70505
"702","Lutjanus Griseus",-81.021583,24.643333,1,-81.021583,24.643333
"703","Lutjanus Griseus",-80.109117,25.497133,1,-80.109117,25.497133
"704","Lutjanus Griseus",-80.226583,25.185967,1,-80.226583,25.185967
"705","Lutjanus Griseus",-80.18475,25.28125,1,-80.18475,25.28125
"706","Lutjanus Griseus",-80.729667,24.8385,1,-80.729667,24.8385
"707","Lutjanus Griseus",-81.294967,24.578783,1,-81.294967,24.578783
"708","Lutjanus Griseus",-80.930883,24.71605,1,-80.930883,24.71605
"709","Lutjanus Griseus",-81.050833,24.691167,1,-81.050833,24.691167
"710","Lutjanus Griseus",-81.494867,24.563217,1,-81.494867,24.563217
"711","Lutjanus Griseus",-80.45865,24.954683,1,-80.45865,24.954683
"712","Lutjanus Griseus",-80.323617,25.061267,1,-80.323617,25.061267
"713","Lutjanus Griseus",-80.15165,25.4713,1,-80.15165,25.4713
"714","Lutjanus Griseus",-82.996,24.604583,1,-82.996,24.604583
"715","Lutjanus Griseus",-82.869833,24.5975,1,-82.869833,24.5975
"716","Lutjanus Griseus",-81.894,24.4531,1,-81.894,24.4531
"717","Lutjanus Griseus",-81.720967,24.5051,1,-81.720967,24.5051
"718","Lutjanus Griseus",-87.314165,18.605432,1,-87.314165,18.605432
"719","Lutjanus Griseus",-87.560556,20.066944,1,-87.560556,20.066944
"720","Lutjanus Griseus",-87.114486,21.605566,1,-87.114486,21.605566
"721","Lutjanus Griseus",-90.602556,29.190806,1,-90.602556,29.190806
"722","Lutjanus Griseus",-74.000869,40.448658,1,-74.000869,40.448658
"723","Lutjanus Griseus",-87.209817,20.508767,1,-87.209817,20.508767
"724","Lutjanus Griseus",-87.960051,17.286026,1,-87.960051,17.286026
"725","Lutjanus Griseus",-87.831066,17.290768,1,-87.831066,17.290768
"726","Lutjanus Griseus",-96.626137,26.810139,1,-96.626137,26.810139
"727","Lutjanus Griseus",-77.350491,18.463044,1,-77.350491,18.463044
"728","Lutjanus Griseus",-80.341194,32.492153,1,-80.341194,32.492153
"729","Lutjanus Griseus",-77.365183,8.660204,1,-77.365183,8.660204
"730","Lutjanus Griseus",-96.413258,27.655523,1,-96.413258,27.655523
"731","Lutjanus Griseus",-96.341036,27.669241,1,-96.341036,27.669241
"732","Lutjanus Griseus",-72.201618,19.753516,1,-72.201618,19.753516
"733","Lutjanus Griseus",-82.285758,26.844467,1,-82.285758,26.844467
"734","Lutjanus Griseus",-81.863889,12.139719,1,-81.863889,12.139719
"735","Lutjanus Griseus",-87.951206,17.812724,1,-87.951206,17.812724
"736","Lutjanus Griseus",-90.392,20.821,1,-90.392,20.821
"737","Lutjanus Griseus",-90.375,20.865,1,-90.375,20.865
"738","Lutjanus Griseus",-87.86,16.73,1,-87.86,16.73
"739","Lutjanus Griseus",-79.7,9.6,1,-79.7,9.6
"740","Lutjanus Griseus",-79.53,9.6,1,-79.53,9.6
"741","Lutjanus Griseus",-79.6,9.6,1,-79.6,9.6
"742","Lutjanus Griseus",-88.082,16.802,1,-88.082,16.802
"743","Lutjanus Griseus",-80.605385,28.012817,1,-80.605385,28.012817
"744","Lutjanus Griseus",-79.869722,9.400833,1,-79.869722,9.400833
"745","Lutjanus Griseus",-80.151078,25.940845,1,-80.151078,25.940845
"746","Lutjanus Griseus",-80.137501,25.774687,1,-80.137501,25.774687
"747","Lutjanus Griseus",-81.962045,26.646239,1,-81.962045,26.646239
"748","Lutjanus Griseus",-74.485958,23.970234,1,-74.485958,23.970234
"749","Lutjanus Griseus",-82.775053,28.873298,1,-82.775053,28.873298
"750","Lutjanus Griseus",-87.034058,20.624738,1,-87.034058,20.624738
"751","Lutjanus Griseus",-80.134778,26.937533,1,-80.134778,26.937533
"752","Lutjanus Griseus",-82.1177,24.60202,1,-82.1177,24.60202
"753","Lutjanus Griseus",-76.31251,24.816433,1,-76.31251,24.816433
"754","Lutjanus Griseus",-81.953872,26.47797,1,-81.953872,26.47797
"755","Lutjanus Griseus",-80.08436,26.148867,1,-80.08436,26.148867
"756","Lutjanus Griseus",-96.31323,19.326485,1,-96.31323,19.326485
"757","Lutjanus Griseus",-79.096173,22.645734,1,-79.096173,22.645734
"758","Lutjanus Griseus",-86.975867,16.060202,1,-86.975867,16.060202
"759","Lutjanus Griseus",-64.736508,32.452014,1,-64.736508,32.452014
"760","Lutjanus Griseus",-64.823599,32.385839,1,-64.823599,32.385839
"761","Lutjanus Griseus",-80.520447,25.010986,1,-80.520447,25.010986
"762","Lutjanus Griseus",-88.289566,16.513454,1,-88.289566,16.513454
"763","Lutjanus Griseus",-95.587478,28.866619,1,-95.587478,28.866619
"764","Lutjanus Griseus",-77.411111,18.469333,1,-77.411111,18.469333
"765","Lutjanus Griseus",-96.312628,27.709528,1,-96.312628,27.709528
"766","Lutjanus Griseus",-82.372431,23.141873,1,-82.372431,23.141873
"767","Lutjanus Griseus",-97.0257,28.1135,1,-97.0257,28.1135
"768","Lutjanus Griseus",-75.688196,35.210754,1,-75.688196,35.210754
"769","Lutjanus Griseus",-97.2771,26.015026,1,-97.2771,26.015026
"770","Lutjanus Griseus",-87.458,23.553167,1,-87.458,23.553167
"771","Lutjanus Griseus",-87.417664,23.680834,1,-87.417664,23.680834
"772","Lutjanus Griseus",-87.457352,19.8113,1,-87.457352,19.8113
"773","Lutjanus Griseus",-86.851997,21.436001,1,-86.851997,21.436001
"774","Lutjanus Griseus",-91.110557,19.027224,1,-91.110557,19.027224
"775","Lutjanus Griseus",-91.384575,18.82221,1,-91.384575,18.82221
"776","Lutjanus Griseus",-91.275917,18.626024,1,-91.275917,18.626024
"777","Lutjanus Griseus",-91.465309,18.782812,1,-91.465309,18.782812
"778","Lutjanus Griseus",-86.889472,20.828058,1,-86.889472,20.828058
"779","Lutjanus Griseus",-97.270611,21.147,1,-97.270611,21.147
"780","Lutjanus Griseus",-97.196528,21.024778,1,-97.196528,21.024778
"781","Lutjanus Griseus",-97.2585,21.083083,1,-97.2585,21.083083
"782","Lutjanus Griseus",-97.284972,21.546278,1,-97.284972,21.546278
"783","Lutjanus Griseus",-87.017472,20.420611,1,-87.017472,20.420611
"784","Lutjanus Griseus",-95.810389,19.141722,1,-95.810389,19.141722
"785","Lutjanus Griseus",-96.069444,19.199583,1,-96.069444,19.199583
"786","Lutjanus Griseus",-89.127067,21.357333,1,-89.127067,21.357333
"787","Lutjanus Griseus",-89.34895,21.322767,1,-89.34895,21.322767
"788","Lutjanus Griseus",-89.777767,21.24965,1,-89.777767,21.24965
"789","Lutjanus Griseus",-90.2794,21.04685,1,-90.2794,21.04685
"790","Lutjanus Griseus",-89.17595,21.354567,1,-89.17595,21.354567
"791","Lutjanus Griseus",-89.890333,21.2329,1,-89.890333,21.2329
"792","Lutjanus Griseus",-89.668317,21.287417,1,-89.668317,21.287417
"793","Lutjanus Griseus",-90.230767,21.07595,1,-90.230767,21.07595
"794","Lutjanus Griseus",-89.30545,21.34345,1,-89.30545,21.34345
"795","Lutjanus Griseus",-89.58555,21.299917,1,-89.58555,21.299917
"796","Lutjanus Griseus",-90.176283,21.109367,1,-90.176283,21.109367
"797","Lutjanus Griseus",-89.711139,21.257083,1,-89.711139,21.257083
"798","Lutjanus Griseus",-89.4425,21.325983,1,-89.4425,21.325983
"799","Lutjanus Griseus",-87.443933,19.447116,1,-87.443933,19.447116
"800","Lutjanus Griseus",-97.216361,21.471972,1,-97.216361,21.471972
"801","Lutjanus Griseus",-96.993611,20.769028,1,-96.993611,20.769028
"802","Lutjanus Griseus",-94.526139,18.176,1,-94.526139,18.176
"803","Lutjanus Griseus",-97.254508,21.509636,1,-97.254508,21.509636
"804","Lutjanus Griseus",-94.777833,18.489278,1,-94.777833,18.489278
"805","Lutjanus Griseus",-94.377889,18.1685,1,-94.377889,18.1685
"806","Lutjanus Griseus",-80.130675,32.594905,1,-80.130675,32.594905
"807","Lutjanus Griseus",-88.077653,16.456705,1,-88.077653,16.456705
"808","Lutjanus Griseus",-80.325562,25.536131,1,-80.325562,25.536131
"809","Lutjanus Griseus",-96.730588,27.393373,1,-96.730588,27.393373
"810","Lutjanus Griseus",-87.492954,19.406246,1,-87.492954,19.406246
"811","Lutjanus Griseus",-80.25798,25.678697,1,-80.25798,25.678697
"812","Lutjanus Griseus",-96.109596,27.586958,1,-96.109596,27.586958
"813","Lutjanus Griseus",-81.155633,24.70515,1,-81.155633,24.70515
"814","Lutjanus Griseus",-87.379522,20.27858,1,-87.379522,20.27858
"815","Lutjanus Griseus",-80.477395,25.060622,1,-80.477395,25.060622
"816","Lutjanus Griseus",-96.774852,26.703919,1,-96.774852,26.703919
"817","Lutjanus Griseus",-96.713334,27.030216,1,-96.713334,27.030216
"818","Lutjanus Griseus",-80.522865,25.103788,1,-80.522865,25.103788
"819","Lutjanus Griseus",-79.247646,25.767122,1,-79.247646,25.767122
"820","Lutjanus Griseus",-80.779372,24.839487,1,-80.779372,24.839487
"821","Lutjanus Griseus",-97.737862,23.773297,1,-97.737862,23.773297
"822","Lutjanus Griseus",-86.860164,20.881292,1,-86.860164,20.881292
"823","Lutjanus Griseus",-82.148872,26.477638,1,-82.148872,26.477638
"824","Lutjanus Griseus",-94.280048,27.347019,1,-94.280048,27.347019
"825","Lutjanus Griseus",-81.688171,25.973557,1,-81.688171,25.973557
"826","Lutjanus Griseus",-80.844875,31.991512,1,-80.844875,31.991512
"827","Lutjanus Griseus",-81.083687,31.951564,1,-81.083687,31.951564
"828","Lutjanus Griseus",-66.04982,10.58022,1,-66.04982,10.58022
"829","Lutjanus Griseus",-66.10263,10.59246,1,-66.10263,10.59246
"830","Lutjanus Griseus",-82.193957,26.678745,1,-82.193957,26.678745
"831","Lutjanus Griseus",-88.14677,16.80807,1,-88.14677,16.80807
"832","Lutjanus Griseus",-80.232222,25.390948,1,-80.232222,25.390948
"833","Lutjanus Griseus",-87.249595,20.46887,1,-87.249595,20.46887
"834","Lutjanus Griseus",-82.736064,27.687509,1,-82.736064,27.687509
"835","Lutjanus Griseus",-93.345168,27.254781,1,-93.345168,27.254781
"836","Lutjanus Griseus",-97.192654,27.634249,1,-97.192654,27.634249
"837","Lutjanus Griseus",-76.759499,34.721802,1,-76.759499,34.721802
"838","Lutjanus Griseus",-95.864993,19.159729,1,-95.864993,19.159729
"839","Lutjanus Griseus",-90.020953,29.218728,1,-90.020953,29.218728
"840","Lutjanus Griseus",-88.902124,30.391708,1,-88.902124,30.391708
"841","Lutjanus Griseus",-82.693233,27.927433,1,-82.693233,27.927433
"842","Lutjanus Griseus",-82.550491,27.888203,1,-82.550491,27.888203
"843","Lutjanus Griseus",-95.288826,28.944414,1,-95.288826,28.944414
"844","Lutjanus Griseus",-64.535311,18.369433,1,-64.535311,18.369433
"845","Lutjanus Griseus",-86.805,21.406389,1,-86.805,21.406389
"846","Lutjanus Griseus",-97.908611,23.797778,1,-97.908611,23.797778
"847","Lutjanus Griseus",-87.740132,18.549143,1,-87.740132,18.549143
"848","Lutjanus Griseus",-86.922343,20.422984,1,-86.922343,20.422984
"849","Lutjanus Griseus",-88.005,21.5858,1,-88.005,21.5858
"850","Lutjanus Griseus",-88.1287,21.60945,1,-88.1287,21.60945
"851","Lutjanus Griseus",-88.056483,21.593733,1,-88.056483,21.593733
"852","Lutjanus Griseus",-88.177383,21.595583,1,-88.177383,21.595583
"853","Lutjanus Griseus",-86.786,21.457,1,-86.786,21.457
"854","Lutjanus Griseus",-86.805,21.536,1,-86.805,21.536
"855","Lutjanus Griseus",-85.334297,29.776332,1,-85.334297,29.776332
"856","Lutjanus Griseus",-80.795,28.6236,1,-80.795,28.6236
"857","Lutjanus Griseus",-80.2896,27.4528,1,-80.2896,27.4528
"858","Lutjanus Griseus",-71.5406,21.4856,1,-71.5406,21.4856
"859","Lutjanus Griseus",-80.59,28.41,1,-80.59,28.41
"860","Lutjanus Griseus",-88.07,30.23,1,-88.07,30.23
"861","Lutjanus Griseus",-87.7483,30.2933,1,-87.7483,30.2933
"862","Lutjanus Griseus",-88.34,30.2267,1,-88.34,30.2267
"863","Lutjanus Griseus",-88.095,30.45,1,-88.095,30.45
"864","Lutjanus Griseus",-88.017,30.6797,1,-88.017,30.6797
"865","Lutjanus Griseus",-60.980737,10.735749,1,-60.980737,10.735749
"866","Lutjanus Griseus",-97.077836,28.002669,1,-97.077836,28.002669
"867","Lutjanus Griseus",-81.3645,13.4583,1,-81.3645,13.4583
"868","Lutjanus Griseus",-97.358611,27.8075,1,-97.358611,27.8075
"869","Lutjanus Griseus",-80.382216,25.210766,1,-80.382216,25.210766
"870","Lutjanus Griseus",-80.427083,25.245466,1,-80.427083,25.245466
"871","Lutjanus Griseus",-97.408333,26.658333,1,-97.408333,26.658333
"872","Lutjanus Griseus",-97.458333,26.708333,1,-97.458333,26.708333
"873","Lutjanus Griseus",-97.225,26.141667,1,-97.225,26.141667
"874","Lutjanus Griseus",-93.788611,29.973056,1,-93.788611,29.973056
"875","Lutjanus Griseus",-93.906667,29.825278,1,-93.906667,29.825278
"876","Lutjanus Griseus",-93.8275,29.941111,1,-93.8275,29.941111
"877","Lutjanus Griseus",-44.283333,-43.166667,1,-44.283333,-43.166667
"878","Lutjanus Griseus",-83.07335,24.466967,1,-83.07335,24.466967
"879","Lutjanus Griseus",-87.115652,20.58135,1,-87.115652,20.58135
"880","Lutjanus Griseus",-76.144902,25.008892,1,-76.144902,25.008892
"881","Lutjanus Griseus",-87.826831,18.26481,1,-87.826831,18.26481
"882","Lutjanus Griseus",-61.74131,10.08525,1,-61.74131,10.08525
"883","Lutjanus Griseus",-61.25653,10.09153,1,-61.25653,10.09153
"884","Lutjanus Griseus",-85.8392,15.990389,1,-85.8392,15.990389
"885","Lutjanus Griseus",-79.668528,9.533806,1,-79.668528,9.533806
"886","Lutjanus Griseus",-87.078308,15.776268,1,-87.078308,15.776268
"887","Lutjanus Griseus",-87.008871,15.774368,1,-87.008871,15.774368
"888","Lutjanus Griseus",-77.53328,26.093682,1,-77.53328,26.093682
"889","Lutjanus Griseus",-88.15,30.325,1,-88.15,30.325
"890","Lutjanus Griseus",-97.428333,26.571389,1,-97.428333,26.571389
"891","Lutjanus Griseus",-64.93438,18.37425,1,-64.93438,18.37425
"892","Lutjanus Griseus",-97.319444,26.3625,1,-97.319444,26.3625
"893","Lutjanus Griseus",-97.377778,26.558333,1,-97.377778,26.558333
"894","Lutjanus Griseus",-65.07677,18.18568,1,-65.07677,18.18568
"895","Lutjanus Griseus",-64.8954,17.734,1,-64.8954,17.734
"896","Lutjanus Griseus",-65.00158,18.20217,1,-65.00158,18.20217
"897","Lutjanus Griseus",-82.8212,24.6221,1,-82.8212,24.6221
"898","Lutjanus Griseus",-97.299444,26.296111,1,-97.299444,26.296111
"899","Lutjanus Griseus",-97.218333,26.281111,1,-97.218333,26.281111
"900","Lutjanus Griseus",-97.219444,26.236111,1,-97.219444,26.236111
"901","Lutjanus Griseus",-97.180556,26.175,1,-97.180556,26.175
"902","Lutjanus Griseus",-97.279167,26.144444,1,-97.279167,26.144444
"903","Lutjanus Griseus",-97.276389,26.093333,1,-97.276389,26.093333
"904","Lutjanus Griseus",-97.465833,26.793889,1,-97.465833,26.793889
"905","Lutjanus Griseus",-97.189444,26.017778,1,-97.189444,26.017778
"906","Lutjanus Griseus",-75.77815247,9.410130501,1,-75.77815247,9.410130501
"907","Lutjanus Griseus",-66.89028889,11.7949917,1,-66.89028889,11.7949917
"908","Lutjanus Griseus",-80.09988,25.72503,1,-80.09988,25.72503
"909","Lutjanus Griseus",-82.8084,24.7267667,1,-82.8084,24.7267667
"910","Lutjanus Griseus",-81.3591,24.6250667,1,-81.3591,24.6250667
"911","Lutjanus Griseus",-80.5115666,24.9169334,1,-80.5115666,24.9169334
"912","Lutjanus Griseus",-81.5992333,24.5024167,1,-81.5992333,24.5024167
"913","Lutjanus Griseus",-81.5418166,24.5110667,1,-81.5418166,24.5110667
"914","Lutjanus Griseus",-80.20705,25.2282167,1,-80.20705,25.2282167
"915","Lutjanus Griseus",-80.1553167,25.3216167,1,-80.1553167,25.3216167
"916","Lutjanus Griseus",-80.6964167,24.78785,1,-80.6964167,24.78785
"917","Lutjanus Griseus",-83.0896833,24.6703833,1,-83.0896833,24.6703833
"918","Lutjanus Griseus",-65.03442,18.35738,1,-65.03442,18.35738
"919","Lutjanus Griseus",-75.8908333,9.8219444,1,-75.8908333,9.8219444
"920","Lutjanus Griseus",-74.14166667,11.32769444,1,-74.14166667,11.32769444
"921","Lutjanus Griseus",-75.73066667,10.18363889,1,-75.73066667,10.18363889
"922","Lutjanus Griseus",-75.89675,9.697306,1,-75.89675,9.697306
"923","Lutjanus Griseus",-81.34165,13.36515,1,-81.34165,13.36515
"924","Lutjanus Griseus",-80.8731167,24.70255,1,-80.8731167,24.70255
"925","Lutjanus Griseus",-81.08995,24.6258167,1,-81.08995,24.6258167
"926","Lutjanus Griseus",-81.3981167,24.5926833,1,-81.3981167,24.5926833
"927","Lutjanus Griseus",-81.6709167,24.4815,1,-81.6709167,24.4815
"928","Lutjanus Griseus",-83.04765,24.69815,1,-83.04765,24.69815
"929","Lutjanus Griseus",-97.476111,27.300833,1,-97.476111,27.300833
"930","Lutjanus Griseus",-97.4275,27.262778,1,-97.4275,27.262778
"931","Lutjanus Griseus",-97.721389,27.263889,1,-97.721389,27.263889
"932","Lutjanus Griseus",-97.334722,27.533889,1,-97.334722,27.533889
"933","Lutjanus Griseus",-97.390556,27.201111,1,-97.390556,27.201111
"934","Lutjanus Griseus",-80.2175832,25.3328834,1,-80.2175832,25.3328834
"935","Lutjanus Griseus",-81.9571666,24.4503333,1,-81.9571666,24.4503333
"936","Lutjanus Griseus",-90.281873,21.440887,1,-90.281873,21.440887
"937","Lutjanus Griseus",-97.306389,27.709167,1,-97.306389,27.709167
"938","Lutjanus Griseus",-82.01094,24.48116,1,-82.01094,24.48116
"939","Lutjanus Griseus",-67.945,10.486,1,-67.945,10.486
"940","Lutjanus Griseus",-67.05635,17.96491,1,-67.05635,17.96491
"941","Lutjanus Griseus",-74.2397,11.20797,1,-74.2397,11.20797
"942","Lutjanus Griseus",-74.20697,11.27335,1,-74.20697,11.27335
"943","Lutjanus Griseus",-80.65693,24.81783,1,-80.65693,24.81783
"944","Lutjanus Griseus",-81.3762778,13.3178056,1,-81.3762778,13.3178056
"945","Lutjanus Griseus",-81.6956166,12.5551833,1,-81.6956166,12.5551833
"946","Lutjanus Griseus",-77.3268611,8.6167222,1,-77.3268611,8.6167222
"947","Lutjanus Griseus",-75.7888611,10.1708889,1,-75.7888611,10.1708889
"948","Lutjanus Griseus",-81.4142778,13.3623667,1,-81.4142778,13.3623667
"949","Lutjanus Griseus",-80.66067,25.02396,1,-80.66067,25.02396
"950","Lutjanus Griseus",-81.1552166,24.6183334,1,-81.1552166,24.6183334
"951","Lutjanus Griseus",-81.93055,24.5141167,1,-81.93055,24.5141167
"952","Lutjanus Griseus",-80.37365,25.27486,1,-80.37365,25.27486
"953","Lutjanus Griseus",-81.2307,24.586817,1,-81.2307,24.586817
"954","Lutjanus Griseus",-80.1016,24.6684,1,-80.1016,24.6684
"955","Lutjanus Griseus",-80.182268,25.39093,1,-80.182268,25.39093
"956","Lutjanus Griseus",-81.075983,25.316516,1,-81.075983,25.316516
"957","Lutjanus Griseus",-81.40335,24.54645,1,-81.40335,24.54645
"958","Lutjanus Griseus",-80.3613999,25.14805,1,-80.3613999,25.14805
"959","Lutjanus Griseus",-68.26267181,10.83541697,1,-68.26267181,10.83541697
"960","Lutjanus Griseus",-67.21117,18.00057,1,-67.21117,18.00057
"961","Lutjanus Griseus",-81.3457999,24.5612,1,-81.3457999,24.5612
"962","Lutjanus Griseus",-80.6148999,24.9046167,1,-80.6148999,24.9046167
"963","Lutjanus Griseus",-81.475571,12.415861,1,-81.475571,12.415861
"964","Lutjanus Griseus",-70.576631,11.951356,1,-70.576631,11.951356
"965","Lutjanus Griseus",-67.1919,18.1893,1,-67.1919,18.1893
"966","Lutjanus Griseus",-87.8767,30.275,1,-87.8767,30.275
"967","Lutjanus Griseus",-87.7567,30.22,1,-87.7567,30.22
"968","Lutjanus Griseus",-80.606567,28.146267,1,-80.606567,28.146267
"969","Lutjanus Griseus",-80.43253,27.82858,1,-80.43253,27.82858
"970","Lutjanus Griseus",-80.486083,27.863283,1,-80.486083,27.863283
"971","Lutjanus Griseus",-80.5982,28.072367,1,-80.5982,28.072367
"972","Lutjanus Griseus",-80.509,27.90892,1,-80.509,27.90892
"973","Lutjanus Griseus",-80.60853,28.55072,1,-80.60853,28.55072
"974","Lutjanus Griseus",-80.61192,28.25415,1,-80.61192,28.25415
"975","Lutjanus Griseus",-80.6592,28.35675,1,-80.6592,28.35675
"976","Lutjanus Griseus",-80.39778,27.72135,1,-80.39778,27.72135
"977","Lutjanus Griseus",-80.64092,28.41653,1,-80.64092,28.41653
"978","Lutjanus Griseus",-80.6435,28.31355,1,-80.6435,28.31355
"979","Lutjanus Griseus",-80.73652,28.38287,1,-80.73652,28.38287
"980","Lutjanus Griseus",-80.52833,27.98338,1,-80.52833,27.98338
"981","Lutjanus Griseus",-80.55377,28.04382,1,-80.55377,28.04382
"982","Lutjanus Griseus",-80.63165,28.46443,1,-80.63165,28.46443
"983","Lutjanus Griseus",-80.78358,28.79052,1,-80.78358,28.79052
"984","Lutjanus Griseus",-80.59455,28.50358,1,-80.59455,28.50358
"985","Lutjanus Griseus",-80.7003,28.3236,1,-80.7003,28.3236
"986","Lutjanus Griseus",-80.4313,27.78042,1,-80.4313,27.78042
"987","Lutjanus Griseus",-80.64947,28.67553,1,-80.64947,28.67553
"988","Lutjanus Griseus",-80.65545,28.20502,1,-80.65545,28.20502
"989","Lutjanus Griseus",-80.76953,28.48175,1,-80.76953,28.48175
"990","Lutjanus Griseus",-80.8254,28.6707,1,-80.8254,28.6707
"991","Lutjanus Griseus",-80.73298,28.75528,1,-80.73298,28.75528
"992","Lutjanus Griseus",-80.10034,25.65829,1,-80.10034,25.65829
"993","Lutjanus Griseus",-97.259167,27.865833,1,-97.259167,27.865833
"994","Lutjanus Griseus",-66.09178,10.53854,1,-66.09178,10.53854
"995","Lutjanus Griseus",-60.2351118,10.6519071,1,-60.2351118,10.6519071
"996","Lutjanus Griseus",-66.24744,10.6524,1,-66.24744,10.6524
"997","Lutjanus Griseus",-66.18254,10.6192,1,-66.18254,10.6192
"998","Lutjanus Griseus",-82.92625,24.6658333,1,-82.92625,24.6658333
"999","Lutjanus Griseus",-80.61929,24.84802,1,-80.61929,24.84802
"1000","Lutjanus Griseus",-64.9569,32.2067,1,-64.9569,32.2067
"1001","Lutjanus Griseus",-97.32,27.8525,1,-97.32,27.8525
"1002","Lutjanus Griseus",-97.212778,27.820278,1,-97.212778,27.820278
"1003","Lutjanus Griseus",-97.180278,27.705556,1,-97.180278,27.705556
"1004","Lutjanus Griseus",-81.03800201,31.72599983,1,-81.03800201,31.72599983
"1005","Lutjanus Griseus",-77.79599762,34.18999863,1,-77.79599762,34.18999863
"1006","Lutjanus Griseus",-80.53500366,32.17599869,1,-80.53500366,32.17599869
"1007","Lutjanus Griseus",-77.39600372,34.49599838,1,-77.39600372,34.49599838
"1008","Lutjanus Griseus",-78.56700134,33.83300018,1,-78.56700134,33.83300018
"1009","Lutjanus Griseus",-77.48899841,34.45299912,1,-77.48899841,34.45299912
"1010","Lutjanus Griseus",-77.90799713,33.91500092,1,-77.90799713,33.91500092
"1011","Lutjanus Griseus",-77.9260025,33.86899948,1,-77.9260025,33.86899948
"1012","Lutjanus Griseus",-78.29399872,33.89300156,1,-78.29399872,33.89300156
"1013","Lutjanus Griseus",-81.34500122,30.14900017,1,-81.34500122,30.14900017
"1014","Lutjanus Griseus",-81.24500275,29.77499962,1,-81.24500275,29.77499962
"1015","Lutjanus Griseus",-81.38600159,30.3239994,1,-81.38600159,30.3239994
"1016","Lutjanus Griseus",-80.66627,28.25717,1,-80.66627,28.25717
"1017","Lutjanus Griseus",-80.37445,27.663,1,-80.37445,27.663
"1018","Lutjanus Griseus",-80.37406,25.08136,1,-80.37406,25.08136
"1019","Lutjanus Griseus",-81.45375,24.53819,1,-81.45375,24.53819
"1020","Lutjanus Griseus",-76.13182831,23.7682209,1,-76.13182831,23.7682209
"1021","Lutjanus Griseus",-67.16075,18.44494,1,-67.16075,18.44494
"1022","Lutjanus Griseus",-65.60128,18.22362,1,-65.60128,18.22362
"1023","Lutjanus Griseus",-67.01861,17.93498,1,-67.01861,17.93498
"1024","Lutjanus Griseus",-80.5662167,24.8895,1,-80.5662167,24.8895
"1025","Lutjanus Griseus",-80.1358166,25.53695,1,-80.1358166,25.53695
"1026","Lutjanus Griseus",-81.7135666,24.5504667,1,-81.7135666,24.5504667
"1027","Lutjanus Griseus",-82.98332,24.72103,1,-82.98332,24.72103
"1028","Lutjanus Griseus",-87.951,30.643,1,-87.951,30.643
"1029","Lutjanus Griseus",-64.8135,17.77388,1,-64.8135,17.77388
"1030","Lutjanus Griseus",-87.8283,30.3933,1,-87.8283,30.3933
"1031","Lutjanus Griseus",-64.75862,18.24447,1,-64.75862,18.24447
"1032","Lutjanus Griseus",-64.8624,17.6366,1,-64.8624,17.6366
"1033","Lutjanus Griseus",-64.89833,18.27883,1,-64.89833,18.27883
"1034","Lutjanus Griseus",-65.52139,18.34408,1,-65.52139,18.34408
"1035","Lutjanus Griseus",-65.58943,18.3652,1,-65.58943,18.3652
"1036","Lutjanus Griseus",-65.37103,18.23523,1,-65.37103,18.23523
"1037","Lutjanus Griseus",-65.64596,18.38508,1,-65.64596,18.38508
"1038","Lutjanus Griseus",-64.59743,17.76278,1,-64.59743,17.76278
"1039","Lutjanus Griseus",-64.83238,18.29459,1,-64.83238,18.29459
"1040","Lutjanus Griseus",-89.70581,22.39598,1,-89.70581,22.39598
"1101","Lutjanus Griseus",-76.6511769227815,11.9617732706074,0,-76.6511769227815,11.9617732706074
"3100","Lutjanus Griseus",-64.6624701937267,13.9004392265795,0,-64.6624701937267,13.9004392265795
"7100","Lutjanus Griseus",-67.7816504319278,37.6078677218068,0,-67.7816504319278,37.6078677218068
"9100","Lutjanus Griseus",-76.7850245230107,11.5823813114875,0,-76.7850245230107,11.5823813114875
"2111","Lutjanus Griseus",-68.9309546391453,26.6472570214193,0,-68.9309546391453,26.6472570214193
"2815","Lutjanus Griseus",-40.0808997182673,-23.3721484055593,0,-40.0808997182673,-23.3721484055593
"2910","Lutjanus Griseus",-89.1603186665915,21.9576161805258,0,-89.1603186665915,21.9576161805258
"3010","Lutjanus Griseus",-75.0714202993899,37.9933783924899,0,-75.0714202993899,37.9933783924899
"3310","Lutjanus Griseus",-96.1386773673455,23.602474115738,0,-96.1386773673455,23.602474115738
"3610","Lutjanus Griseus",-53.7274127021694,6.71276751630016,0,-53.7274127021694,6.71276751630016
"4310","Lutjanus Griseus",-91.6804707686658,28.1067777074844,0,-91.6804707686658,28.1067777074844
"4810","Lutjanus Griseus",-64.5907309988066,22.9842615552803,0,-64.5907309988066,22.9842615552803
"5010","Lutjanus Griseus",-63.0275187329882,16.7572334623939,0,-63.0275187329882,16.7572334623939
"5110","Lutjanus Griseus",-64.0830997324306,31.1974655019773,0,-64.0830997324306,31.1974655019773
"5510","Lutjanus Griseus",-83.4944064829896,21.7869550409487,0,-83.4944064829896,21.7869550409487
"5610","Lutjanus Griseus",-47.9982847717394,5.15973100038113,0,-47.9982847717394,5.15973100038113
"5710","Lutjanus Griseus",-76.889662188054,12.0336370346286,0,-76.889662188054,12.0336370346286
"5810","Lutjanus Griseus",-65.802209179007,13.5824176684058,0,-65.802209179007,13.5824176684058
"6010","Lutjanus Griseus",-73.8859289359571,39.5282986448494,0,-73.8859289359571,39.5282986448494
"6310","Lutjanus Griseus",-66.8161033759495,34.832608090582,0,-66.8161033759495,34.832608090582
"6610","Lutjanus Griseus",-68.8678593301808,15.5012453469255,0,-68.8678593301808,15.5012453469255
"6710","Lutjanus Griseus",-82.9206087725151,18.1918824713501,0,-82.9206087725151,18.1918824713501
"7010","Lutjanus Griseus",-63.4304794669101,17.5707710945486,0,-63.4304794669101,17.5707710945486
"7210","Lutjanus Griseus",-55.2486723846813,9.17195108679727,0,-55.2486723846813,9.17195108679727
"7310","Lutjanus Griseus",-38.9596126312139,-19.1609424290534,0,-38.9596126312139,-19.1609424290534
"7510","Lutjanus Griseus",-87.7017719947583,16.4202237323249,0,-87.7017719947583,16.4202237323249
"7610","Lutjanus Griseus",-46.9570466363434,3.39591667807316,0,-46.9570466363434,3.39591667807316
"7710","Lutjanus Griseus",-69.6097588651177,29.1003103603732,0,-69.6097588651177,29.1003103603732
"7810","Lutjanus Griseus",-94.2151462396291,19.906066509665,0,-94.2151462396291,19.906066509665
"8010","Lutjanus Griseus",-66.0027558790089,33.0062551034535,0,-66.0027558790089,33.0062551034535
"8310","Lutjanus Griseus",-65.8566513176939,23.4879626155243,0,-65.8566513176939,23.4879626155243
"8410","Lutjanus Griseus",-77.1472595564867,9.96097399896571,0,-77.1472595564867,9.96097399896571
"8510","Lutjanus Griseus",-93.0640245086523,20.8070070606635,0,-93.0640245086523,20.8070070606635
"8810","Lutjanus Griseus",-86.3710043652351,22.8560052182357,0,-86.3710043652351,22.8560052182357
"9410","Lutjanus Griseus",-87.1613210154439,21.8070552559716,0,-87.1613210154439,21.8070552559716
"9610","Lutjanus Griseus",-45.431748653723,-25.4274704641954,0,-45.431748653723,-25.4274704641954
"10310","Lutjanus Griseus",-76.557536924411,14.8309040662766,0,-76.557536924411,14.8309040662766
"1051","Lutjanus Griseus",-90.1146060283267,24.8249236757186,0,-90.1146060283267,24.8249236757186
"1061","Lutjanus Griseus",-37.4891302874938,-17.1780137492879,0,-37.4891302874938,-17.1780137492879
"1141","Lutjanus Griseus",-84.528021065722,29.7285339861571,0,-84.528021065722,29.7285339861571
"1182","Lutjanus Griseus",-66.5581958868556,23.5601068342668,0,-66.5581958868556,23.5601068342668
"1211","Lutjanus Griseus",-69.9992047415075,34.8676962050527,0,-69.9992047415075,34.8676962050527
"1241","Lutjanus Griseus",-71.643278557474,26.4115876213364,0,-71.643278557474,26.4115876213364
"1314","Lutjanus Griseus",-79.320499007876,15.0843824831318,0,-79.320499007876,15.0843824831318
"1341","Lutjanus Griseus",-81.866094482388,14.1224595192417,0,-81.866094482388,14.1224595192417
"1362","Lutjanus Griseus",-80.6094173516699,17.0000246235552,0,-80.6094173516699,17.0000246235552
"1372","Lutjanus Griseus",-42.8242436498495,0.933740508860879,0,-42.8242436498495,0.933740508860879
"1381","Lutjanus Griseus",-41.3896322179819,-22.4519758160492,0,-41.3896322179819,-22.4519758160492
"1391","Lutjanus Griseus",-87.8404626072314,28.0275009986682,0,-87.8404626072314,28.0275009986682
"1401","Lutjanus Griseus",-66.8840798829201,18.5624043907559,0,-66.8840798829201,18.5624043907559
"1413","Lutjanus Griseus",-67.6685906105916,27.9694539496621,0,-67.6685906105916,27.9694539496621
"1462","Lutjanus Griseus",-86.7639469208382,27.0608000217174,0,-86.7639469208382,27.0608000217174
"1491","Lutjanus Griseus",-68.582437548244,36.2268585582891,0,-68.582437548244,36.2268585582891
"1522","Lutjanus Griseus",-38.1752562269015,-21.9600239792213,0,-38.1752562269015,-21.9600239792213
"1541","Lutjanus Griseus",-43.3525129911275,1.62396415927955,0,-43.3525129911275,1.62396415927955
"1551","Lutjanus Griseus",-35.5637191225975,-10.0399142160608,0,-35.5637191225975,-10.0399142160608
"1563","Lutjanus Griseus",-37.5722759631525,-18.106820198643,0,-37.5722759631525,-18.106820198643
"1591","Lutjanus Griseus",-66.348815223023,19.3966926300365,0,-66.348815223023,19.3966926300365
"1613","Lutjanus Griseus",-71.3129226941088,31.0165419262457,0,-71.3129226941088,31.0165419262457
"1732","Lutjanus Griseus",-44.6501716349883,-24.3242308119944,0,-44.6501716349883,-24.3242308119944
"1741","Lutjanus Griseus",-75.833179804045,29.6598572002297,0,-75.833179804045,29.6598572002297
"1751","Lutjanus Griseus",-62.6246842415307,17.5198527226652,0,-62.6246842415307,17.5198527226652
"1761","Lutjanus Griseus",-38.5904606260309,-20.9791659813711,0,-38.5904606260309,-20.9791659813711
"1802","Lutjanus Griseus",-78.5166228563748,15.40021757752,0,-78.5166228563748,15.40021757752
"1841","Lutjanus Griseus",-85.5449971712587,27.5371835792664,0,-85.5449971712587,27.5371835792664
"1882","Lutjanus Griseus",-70.1398756496799,21.2680079566375,0,-70.1398756496799,21.2680079566375
"1911","Lutjanus Griseus",-65.3934933052049,30.5690606596087,0,-65.3934933052049,30.5690606596087
"1921","Lutjanus Griseus",-66.6946185416061,25.8799584183376,0,-66.6946185416061,25.8799584183376
"1933","Lutjanus Griseus",-93.6673432930583,26.0201377114525,0,-93.6673432930583,26.0201377114525
"1952","Lutjanus Griseus",-53.6173727926467,6.78762730663617,0,-53.6173727926467,6.78762730663617
"2011","Lutjanus Griseus",-77.7811920473032,30.7237147060257,0,-77.7811920473032,30.7237147060257
"2101","Lutjanus Griseus",-83.9781636400492,15.9819158175481,0,-83.9781636400492,15.9819158175481
"2151","Lutjanus Griseus",-75.157671102045,27.5116774717166,0,-75.157671102045,27.5116774717166
"2161","Lutjanus Griseus",-67.6294554466722,11.7543036049175,0,-67.6294554466722,11.7543036049175
"2223","Lutjanus Griseus",-38.3704936775951,-24.1495708196856,0,-38.3704936775951,-24.1495708196856
"2232","Lutjanus Griseus",-71.2950221721528,26.8869530195375,0,-71.2950221721528,26.8869530195375
"2261","Lutjanus Griseus",-86.0791775560862,22.2370511807636,0,-86.0791775560862,22.2370511807636
"2321","Lutjanus Griseus",-46.671875865392,-25.2851004278658,0,-46.671875865392,-25.2851004278658
"2401","Lutjanus Griseus",-49.0643164378271,3.70314206806706,0,-49.0643164378271,3.70314206806706
"2481","Lutjanus Griseus",-73.891542866013,19.2353159452241,0,-73.891542866013,19.2353159452241
"2531","Lutjanus Griseus",-66.7493123750665,31.486317923508,0,-66.7493123750665,31.486317923508
"2552","Lutjanus Griseus",-75.1481741981288,19.0386875743957,0,-75.1481741981288,19.0386875743957
"2572","Lutjanus Griseus",-75.0212928023442,14.8249511369589,0,-75.0212928023442,14.8249511369589
"2581","Lutjanus Griseus",-95.1595656740671,26.2755848482484,0,-95.1595656740671,26.2755848482484
"2611","Lutjanus Griseus",-84.4526918317305,19.4472221823175,0,-84.4526918317305,19.4472221823175
"2631","Lutjanus Griseus",-86.5797699237532,22.8358021752235,0,-86.5797699237532,22.8358021752235
"2641","Lutjanus Griseus",-39.9587508041917,-22.6571306553609,0,-39.9587508041917,-22.6571306553609
"2673","Lutjanus Griseus",-72.1051721851281,37.8887588637259,0,-72.1051721851281,37.8887588637259
"2691","Lutjanus Griseus",-65.6544993265396,24.8479057313403,0,-65.6544993265396,24.8479057313403
"2701","Lutjanus Griseus",-96.5188618668046,22.9344363645856,0,-96.5188618668046,22.9344363645856
"2721","Lutjanus Griseus",-71.3916195537209,32.7865797148634,0,-71.3916195537209,32.7865797148634
"2731","Lutjanus Griseus",-74.0525337660946,33.73876705858,0,-74.0525337660946,33.73876705858
"2842","Lutjanus Griseus",-67.1350504185015,19.6964270922731,0,-67.1350504185015,19.6964270922731
"2871","Lutjanus Griseus",-71.4664833256078,37.0851326734095,0,-71.4664833256078,37.0851326734095
"3011","Lutjanus Griseus",-96.3938672397131,28.5426887160264,0,-96.3938672397131,28.5426887160264
"3021","Lutjanus Griseus",-77.5739591160636,27.1747760862469,0,-77.5739591160636,27.1747760862469
"3031","Lutjanus Griseus",-75.9546995115776,27.9400799074616,0,-75.9546995115776,27.9400799074616
"3041","Lutjanus Griseus",-68.4889838289262,37.9237438054191,0,-68.4889838289262,37.9237438054191
"3101","Lutjanus Griseus",-71.7170188048586,37.7433454231361,0,-71.7170188048586,37.7433454231361
"3111","Lutjanus Griseus",-64.7014353071626,29.8998371617955,0,-64.7014353071626,29.8998371617955
"3141","Lutjanus Griseus",-37.1610836066714,-17.6255367555702,0,-37.1610836066714,-17.6255367555702
"3151","Lutjanus Griseus",-78.9891972985274,10.3753346338917,0,-78.9891972985274,10.3753346338917
"3191","Lutjanus Griseus",-47.3651752881869,-27.4286523492531,0,-47.3651752881869,-27.4286523492531
"3251","Lutjanus Griseus",-40.613035197025,-23.0128411459965,0,-40.613035197025,-23.0128411459965
"3301","Lutjanus Griseus",-87.6899361863132,16.7367286892046,0,-87.6899361863132,16.7367286892046
"3341","Lutjanus Griseus",-50.6188690297841,0.0978910283643017,0,-50.6188690297841,0.0978910283643017
"3371","Lutjanus Griseus",-73.3982745518557,35.1615010415928,0,-73.3982745518557,35.1615010415928
"3381","Lutjanus Griseus",-73.9456934526824,21.8386105090091,0,-73.9456934526824,21.8386105090091
"3451","Lutjanus Griseus",-84.7660773527797,26.367988269905,0,-84.7660773527797,26.367988269905
"3461","Lutjanus Griseus",-82.4516405676124,21.9490484997201,0,-82.4516405676124,21.9490484997201
"3571","Lutjanus Griseus",-60.2795501302754,13.7889296749237,0,-60.2795501302754,13.7889296749237
"3581","Lutjanus Griseus",-69.9582051307751,15.5397925787329,0,-69.9582051307751,15.5397925787329
"3591","Lutjanus Griseus",-67.7015604681844,35.7949181095706,0,-67.7015604681844,35.7949181095706
"3611","Lutjanus Griseus",-80.3725206323409,15.834492809765,0,-80.3725206323409,15.834492809765
"3621","Lutjanus Griseus",-55.4540551374847,6.54856719923792,0,-55.4540551374847,6.54856719923792
"3651","Lutjanus Griseus",-78.5689653403644,20.9302696486865,0,-78.5689653403644,20.9302696486865
"3671","Lutjanus Griseus",-61.3467326268003,11.9219380523179,0,-61.3467326268003,11.9219380523179
"3681","Lutjanus Griseus",-69.0257222951367,38.7670721258068,0,-69.0257222951367,38.7670721258068
"3721","Lutjanus Griseus",-82.2738565934609,20.5185582237798,0,-82.2738565934609,20.5185582237798
"3731","Lutjanus Griseus",-55.8646313857621,6.94921966656474,0,-55.8646313857621,6.94921966656474
"3741","Lutjanus Griseus",-94.2883812588368,18.407147634406,0,-94.2883812588368,18.407147634406
"3751","Lutjanus Griseus",-45.7333739932825,0.130270183060901,0,-45.7333739932825,0.130270183060901
"3841","Lutjanus Griseus",-78.8744576531444,31.9197827819576,0,-78.8744576531444,31.9197827819576
"3851","Lutjanus Griseus",-73.2997942308075,14.241221628367,0,-73.2997942308075,14.241221628367
"3871","Lutjanus Griseus",-78.8750177363161,23.389277803152,0,-78.8750177363161,23.389277803152
"3881","Lutjanus Griseus",-82.031067080125,18.4414971721389,0,-82.031067080125,18.4414971721389
"3941","Lutjanus Griseus",-72.2772137682472,32.4360053301839,0,-72.2772137682472,32.4360053301839
"3951","Lutjanus Griseus",-78.4644461226019,11.7770438423702,0,-78.4644461226019,11.7770438423702
"3961","Lutjanus Griseus",-72.411302304985,27.521853041544,0,-72.411302304985,27.521853041544
"3971","Lutjanus Griseus",-84.456487235138,22.1251113538033,0,-84.456487235138,22.1251113538033
"4031","Lutjanus Griseus",-77.0070164261012,22.4340707441479,0,-77.0070164261012,22.4340707441479
"4041","Lutjanus Griseus",-65.3650547588849,19.4689965262465,0,-65.3650547588849,19.4689965262465
"4071","Lutjanus Griseus",-80.4611475831791,24.7387927411312,0,-80.4611475831791,24.7387927411312
"4101","Lutjanus Griseus",-71.8817900042301,23.5217863310773,0,-71.8817900042301,23.5217863310773
"4111","Lutjanus Griseus",-43.0056468228327,0.844135407949011,0,-43.0056468228327,0.844135407949011
"4121","Lutjanus Griseus",-57.7143321428325,6.81198224774658,0,-57.7143321428325,6.81198224774658
"4141","Lutjanus Griseus",-72.5687322193885,40.6832393785522,0,-72.5687322193885,40.6832393785522
"4161","Lutjanus Griseus",-38.4152765506988,-23.1546042132457,0,-38.4152765506988,-23.1546042132457
"4191","Lutjanus Griseus",-62.3581700645495,16.5242039224876,0,-62.3581700645495,16.5242039224876
"4201","Lutjanus Griseus",-81.5734522484245,12.3568799628347,0,-81.5734522484245,12.3568799628347
"4221","Lutjanus Griseus",-82.6591407384065,17.0525906973486,0,-82.6591407384065,17.0525906973486
"4251","Lutjanus Griseus",-70.7896942077425,31.5918679340266,0,-70.7896942077425,31.5918679340266
"4301","Lutjanus Griseus",-66.8827300853636,11.9800486843114,0,-66.8827300853636,11.9800486843114
"4321","Lutjanus Griseus",-78.057382204686,30.9689432961678,0,-78.057382204686,30.9689432961678
"4341","Lutjanus Griseus",-44.8613176571517,1.85899130020285,0,-44.8613176571517,1.85899130020285
"4381","Lutjanus Griseus",-50.619152513103,2.65894904622431,0,-50.619152513103,2.65894904622431
"4391","Lutjanus Griseus",-66.6850483052233,11.1568740413884,0,-66.6850483052233,11.1568740413884
"4431","Lutjanus Griseus",-50.6857243067412,5.42537236612685,0,-50.6857243067412,5.42537236612685
"4451","Lutjanus Griseus",-36.063461359409,-14.498643347714,0,-36.063461359409,-14.498643347714
"4461","Lutjanus Griseus",-77.8696020549948,19.6091779286535,0,-77.8696020549948,19.6091779286535
"4491","Lutjanus Griseus",-70.4940692296434,40.896861545042,0,-70.4940692296434,40.896861545042
"4521","Lutjanus Griseus",-53.9798167309613,5.7448592130081,0,-53.9798167309613,5.7448592130081
"4541","Lutjanus Griseus",-93.9018974913797,27.5923446502161,0,-93.9018974913797,27.5923446502161
"4581","Lutjanus Griseus",-76.5960484432633,11.4213325810317,0,-76.5960484432633,11.4213325810317
"4641","Lutjanus Griseus",-40.0553273226274,-26.9340025858713,0,-40.0553273226274,-26.9340025858713
"4651","Lutjanus Griseus",-69.5150739778676,39.2020933984385,0,-69.5150739778676,39.2020933984385
"4711","Lutjanus Griseus",-38.4249445687688,-13.7176239415623,0,-38.4249445687688,-13.7176239415623
"4721","Lutjanus Griseus",-72.3361208451828,17.04156913914,0,-72.3361208451828,17.04156913914
"4731","Lutjanus Griseus",-63.7201922922037,24.5477603830611,0,-63.7201922922037,24.5477603830611
"4781","Lutjanus Griseus",-96.8783122875234,27.8219302840268,0,-96.8783122875234,27.8219302840268
"4811","Lutjanus Griseus",-85.3104981622285,28.3597939257106,0,-85.3104981622285,28.3597939257106
"4821","Lutjanus Griseus",-82.0346687587881,12.4703255809671,0,-82.0346687587881,12.4703255809671
"4971","Lutjanus Griseus",-37.643906800464,-3.15569871250155,0,-37.643906800464,-3.15569871250155
"4991","Lutjanus Griseus",-61.8937658863776,12.553418526496,0,-61.8937658863776,12.553418526496
"5031","Lutjanus Griseus",-68.7313624160511,19.1499517585929,0,-68.7313624160511,19.1499517585929
"5111","Lutjanus Griseus",-65.3658200240491,34.537677196291,0,-65.3658200240491,34.537677196291
"5121","Lutjanus Griseus",-74.3777155118599,14.9676321924634,0,-74.3777155118599,14.9676321924634
"5131","Lutjanus Griseus",-45.7353291103873,3.49575312336292,0,-45.7353291103873,3.49575312336292
"5191","Lutjanus Griseus",-74.0197960925237,24.124919136473,0,-74.0197960925237,24.124919136473
"5201","Lutjanus Griseus",-69.0886717141277,33.3839592841137,0,-69.0886717141277,33.3839592841137
"5221","Lutjanus Griseus",-54.2602765975146,8.15034036916198,0,-54.2602765975146,8.15034036916198
"5261","Lutjanus Griseus",-39.1471629217625,-1.29877508582659,0,-39.1471629217625,-1.29877508582659
"5271","Lutjanus Griseus",-53.8251075331231,9.17204918916109,0,-53.8251075331231,9.17204918916109
"5311","Lutjanus Griseus",-72.1667749975733,22.6091264315401,0,-72.1667749975733,22.6091264315401
"5321","Lutjanus Griseus",-46.7577322287251,-25.6090850156212,0,-46.7577322287251,-25.6090850156212
"5351","Lutjanus Griseus",-66.3196943474281,15.6245165749334,0,-66.3196943474281,15.6245165749334
"5421","Lutjanus Griseus",-50.3685206957174,2.17239555714786,0,-50.3685206957174,2.17239555714786
"5461","Lutjanus Griseus",-64.6340447153556,12.8156723083012,0,-64.6340447153556,12.8156723083012
"5481","Lutjanus Griseus",-76.6563630446599,17.8979709330245,0,-76.6563630446599,17.8979709330245
"5511","Lutjanus Griseus",-82.9946862337619,19.7955625021679,0,-82.9946862337619,19.7955625021679
"5531","Lutjanus Griseus",-74.8021993095332,11.2030734198264,0,-74.8021993095332,11.2030734198264
"5551","Lutjanus Griseus",-79.8074995082843,26.7892365953325,0,-79.8074995082843,26.7892365953325
"5561","Lutjanus Griseus",-76.418064635861,32.0422753769596,0,-76.418064635861,32.0422753769596
"5661","Lutjanus Griseus",-78.4014065499589,20.4142745794994,0,-78.4014065499589,20.4142745794994
"5701","Lutjanus Griseus",-85.5222028847922,25.3555027149184,0,-85.5222028847922,25.3555027149184
"5711","Lutjanus Griseus",-70.840289066304,34.2405231892643,0,-70.840289066304,34.2405231892643
"5741","Lutjanus Griseus",-77.6196128919834,26.6719573996726,0,-77.6196128919834,26.6719573996726
"5781","Lutjanus Griseus",-92.5450452026206,20.4762957579001,0,-92.5450452026206,20.4762957579001
"5801","Lutjanus Griseus",-49.0525460299076,1.11036548928588,0,-49.0525460299076,1.11036548928588
"5811","Lutjanus Griseus",-80.9630348022362,18.0852024075945,0,-80.9630348022362,18.0852024075945
"5821","Lutjanus Griseus",-74.5463819628855,25.8649102620937,0,-74.5463819628855,25.8649102620937
"5841","Lutjanus Griseus",-86.5113450645738,20.7136408080131,0,-86.5113450645738,20.7136408080131
"5851","Lutjanus Griseus",-74.7398697823729,29.5153289930229,0,-74.7398697823729,29.5153289930229
"5891","Lutjanus Griseus",-75.8169180028781,11.9436827039043,0,-75.8169180028781,11.9436827039043
"5911","Lutjanus Griseus",-64.4808519314222,24.2968772675869,0,-64.4808519314222,24.2968772675869
"5961","Lutjanus Griseus",-38.3223636317304,-22.0348776039343,0,-38.3223636317304,-22.0348776039343
"5981","Lutjanus Griseus",-78.9113595805775,23.2141422060403,0,-78.9113595805775,23.2141422060403
"5991","Lutjanus Griseus",-76.7144862422017,24.1989677620291,0,-76.7144862422017,24.1989677620291
"6001","Lutjanus Griseus",-72.7691948438543,32.1580602608641,0,-72.7691948438543,32.1580602608641
"6011","Lutjanus Griseus",-90.3456268963966,25.3231212683948,0,-90.3456268963966,25.3231212683948
"6061","Lutjanus Griseus",-74.5563835935341,29.6250285489677,0,-74.5563835935341,29.6250285489677
"6081","Lutjanus Griseus",-39.3064828718463,-23.6762966629012,0,-39.3064828718463,-23.6762966629012
"6101","Lutjanus Griseus",-62.0621959290908,10.9204571203581,0,-62.0621959290908,10.9204571203581
"6121","Lutjanus Griseus",-40.7787850186191,-2.39723834749936,0,-40.7787850186191,-2.39723834749936
"6131","Lutjanus Griseus",-74.3116357416922,15.8488352658335,0,-74.3116357416922,15.8488352658335
"6141","Lutjanus Griseus",-44.6303355370698,-0.59325655283449,0,-44.6303355370698,-0.59325655283449
"6151","Lutjanus Griseus",-74.9428557669854,14.1053079323066,0,-74.9428557669854,14.1053079323066
"6191","Lutjanus Griseus",-42.770352872238,-27.68239933578,0,-42.770352872238,-27.68239933578
"6261","Lutjanus Griseus",-86.4282223338021,20.5447610872954,0,-86.4282223338021,20.5447610872954
"6281","Lutjanus Griseus",-81.2046871912858,17.3899023401296,0,-81.2046871912858,17.3899023401296
"6301","Lutjanus Griseus",-51.745473039767,6.91611189342284,0,-51.745473039767,6.91611189342284
"6311","Lutjanus Griseus",-44.8488649655433,-0.717980190699123,0,-44.8488649655433,-0.717980190699123
"6331","Lutjanus Griseus",-52.1340811998527,5.96454636495789,0,-52.1340811998527,5.96454636495789
"6341","Lutjanus Griseus",-75.0841982461677,21.3323174127304,0,-75.0841982461677,21.3323174127304
"6361","Lutjanus Griseus",-56.2770047049393,9.22526449900323,0,-56.2770047049393,9.22526449900323
"6411","Lutjanus Griseus",-73.7948688090146,11.8163836609618,0,-73.7948688090146,11.8163836609618
"6441","Lutjanus Griseus",-65.9138355527184,29.044998251941,0,-65.9138355527184,29.044998251941
"6451","Lutjanus Griseus",-44.5829077566995,-27.9022175275008,0,-44.5829077566995,-27.9022175275008
"6491","Lutjanus Griseus",-89.9751152926954,28.4279221334414,0,-89.9751152926954,28.4279221334414
"6501","Lutjanus Griseus",-68.2708961731011,14.2342526489935,0,-68.2708961731011,14.2342526489935
"6511","Lutjanus Griseus",-84.6980844197012,23.4633445605074,0,-84.6980844197012,23.4633445605074
"6531","Lutjanus Griseus",-67.3697727526999,24.3261476096868,0,-67.3697727526999,24.3261476096868
"6541","Lutjanus Griseus",-41.572949663132,-23.0651699041481,0,-41.572949663132,-23.0651699041481
"6551","Lutjanus Griseus",-96.3794752644915,26.5518387317906,0,-96.3794752644915,26.5518387317906
"6561","Lutjanus Griseus",-89.5244852948642,23.5766919748676,0,-89.5244852948642,23.5766919748676
"6591","Lutjanus Griseus",-97.262373363626,20.9326867960127,0,-97.262373363626,20.9326867960127
"6601","Lutjanus Griseus",-57.7253988720956,7.44721320551294,0,-57.7253988720956,7.44721320551294
"6621","Lutjanus Griseus",-77.6251266394963,9.19135180783102,0,-77.6251266394963,9.19135180783102
"6641","Lutjanus Griseus",-81.1114798179996,13.3031552042046,0,-81.1114798179996,13.3031552042046
"6651","Lutjanus Griseus",-68.7210395873754,26.4321175843409,0,-68.7210395873754,26.4321175843409
"6761","Lutjanus Griseus",-81.1022194591534,20.6217546091148,0,-81.1022194591534,20.6217546091148
"6781","Lutjanus Griseus",-68.8020408734047,31.5066611735992,0,-68.8020408734047,31.5066611735992
"6831","Lutjanus Griseus",-71.0712090528477,27.1817696469859,0,-71.0712090528477,27.1817696469859
"6861","Lutjanus Griseus",-74.2106805790562,33.2881652159867,0,-74.2106805790562,33.2881652159867
"6871","Lutjanus Griseus",-45.7867645115767,-25.6335921097052,0,-45.7867645115767,-25.6335921097052
"6931","Lutjanus Griseus",-71.3408988173821,15.443151102509,0,-71.3408988173821,15.443151102509
"6961","Lutjanus Griseus",-82.3515996447579,18.8744410557241,0,-82.3515996447579,18.8744410557241
"7001","Lutjanus Griseus",-94.3938025449539,28.2187660684444,0,-94.3938025449539,28.2187660684444
"7011","Lutjanus Griseus",-74.295199285869,23.5347694903657,0,-74.295199285869,23.5347694903657
"7041","Lutjanus Griseus",-49.9610802537257,5.64069364852135,0,-49.9610802537257,5.64069364852135
"7081","Lutjanus Griseus",-88.8953528136228,26.3851351514963,0,-88.8953528136228,26.3851351514963
"7131","Lutjanus Griseus",-33.9625002318074,-9.20792916148861,0,-33.9625002318074,-9.20792916148861
"7141","Lutjanus Griseus",-58.0737410804112,7.8889501802142,0,-58.0737410804112,7.8889501802142
"7161","Lutjanus Griseus",-72.6436034825531,21.4751208883028,0,-72.6436034825531,21.4751208883028
"7251","Lutjanus Griseus",-92.2433131161532,22.4993356892757,0,-92.2433131161532,22.4993356892757
"7281","Lutjanus Griseus",-72.5624011172593,16.3830670716091,0,-72.5624011172593,16.3830670716091
"7301","Lutjanus Griseus",-88.9126003484078,22.5658123010189,0,-88.9126003484078,22.5658123010189
"7331","Lutjanus Griseus",-81.6495858146693,14.3699413403767,0,-81.6495858146693,14.3699413403767
"7341","Lutjanus Griseus",-44.4447454540478,2.7723059726806,0,-44.4447454540478,2.7723059726806
"7361","Lutjanus Griseus",-75.3671161027329,22.4184556953733,0,-75.3671161027329,22.4184556953733
"7401","Lutjanus Griseus",-65.2750280331833,30.2793440164893,0,-65.2750280331833,30.2793440164893
"7431","Lutjanus Griseus",-75.538323282121,26.8084757729865,0,-75.538323282121,26.8084757729865
"7441","Lutjanus Griseus",-78.6021116304622,12.914977881279,0,-78.6021116304622,12.914977881279
"7451","Lutjanus Griseus",-93.2604567497554,21.2673172040416,0,-93.2604567497554,21.2673172040416
"7491","Lutjanus Griseus",-72.8351619561465,22.7727255800752,0,-72.8351619561465,22.7727255800752
"7511","Lutjanus Griseus",-61.6986728821049,16.4894759696412,0,-61.6986728821049,16.4894759696412
"7541","Lutjanus Griseus",-67.8636462040618,33.3471199298858,0,-67.8636462040618,33.3471199298858
"7581","Lutjanus Griseus",-76.2031871976537,11.9647903695614,0,-76.2031871976537,11.9647903695614
"7591","Lutjanus Griseus",-70.5495021619798,33.2304904367528,0,-70.5495021619798,33.2304904367528
"7611","Lutjanus Griseus",-48.9943492567745,4.70261010664229,0,-48.9943492567745,4.70261010664229
"7631","Lutjanus Griseus",-36.6509984985976,-16.11158213644,0,-36.6509984985976,-16.11158213644
"7641","Lutjanus Griseus",-81.8043214827016,10.3994397455794,0,-81.8043214827016,10.3994397455794
"7661","Lutjanus Griseus",-68.3051256442079,23.8303114911947,0,-68.3051256442079,23.8303114911947
"7671","Lutjanus Griseus",-76.4636054348042,14.4883494129375,0,-76.4636054348042,14.4883494129375
"7731","Lutjanus Griseus",-70.2755175400709,26.1744430756618,0,-70.2755175400709,26.1744430756618
"7741","Lutjanus Griseus",-48.5802760709638,-27.051347575219,0,-48.5802760709638,-27.051347575219
"7781","Lutjanus Griseus",-34.7572277706205,-8.60671921921225,0,-34.7572277706205,-8.60671921921225
"7811","Lutjanus Griseus",-92.1380098366534,25.2460212070433,0,-92.1380098366534,25.2460212070433
"7821","Lutjanus Griseus",-86.496208520172,29.5021614734932,0,-86.496208520172,29.5021614734932
"7871","Lutjanus Griseus",-72.9289790556148,35.6647842591865,0,-72.9289790556148,35.6647842591865
"7891","Lutjanus Griseus",-72.3883118169419,24.3338981223428,0,-72.3883118169419,24.3338981223428
"7901","Lutjanus Griseus",-68.2143524347197,37.5393148567897,0,-68.2143524347197,37.5393148567897
"7911","Lutjanus Griseus",-64.7517026464566,26.836577445579,0,-64.7517026464566,26.836577445579
"7941","Lutjanus Griseus",-78.9437176150382,16.6470777314715,0,-78.9437176150382,16.6470777314715
"7951","Lutjanus Griseus",-38.4608236556871,-24.1848748526523,0,-38.4608236556871,-24.1848748526523
"8021","Lutjanus Griseus",-42.5875661529605,0.362251242545568,0,-42.5875661529605,0.362251242545568
"8031","Lutjanus Griseus",-66.3117555077049,20.7959033617534,0,-66.3117555077049,20.7959033617534
"8041","Lutjanus Griseus",-75.283841145552,21.1925537718471,0,-75.283841145552,21.1925537718471
"8051","Lutjanus Griseus",-39.4595004692883,-27.0699392813282,0,-39.4595004692883,-27.0699392813282
"8071","Lutjanus Griseus",-95.1929128762812,28.4794929053117,0,-95.1929128762812,28.4794929053117
"8101","Lutjanus Griseus",-88.1104354752025,17.1601862952792,0,-88.1104354752025,17.1601862952792
"8111","Lutjanus Griseus",-45.5043071634518,-24.2074082172269,0,-45.5043071634518,-24.2074082172269
"8131","Lutjanus Griseus",-84.7902027921827,27.3563814500832,0,-84.7902027921827,27.3563814500832
"8151","Lutjanus Griseus",-47.1880241826432,-25.7189201341461,0,-47.1880241826432,-25.7189201341461
"8161","Lutjanus Griseus",-40.0323289178385,-25.0550257425152,0,-40.0323289178385,-25.0550257425152
"8221","Lutjanus Griseus",-79.0775525120055,28.3596627845312,0,-79.0775525120055,28.3596627845312
"8231","Lutjanus Griseus",-78.1083270715433,33.5457495321472,0,-78.1083270715433,33.5457495321472
"8261","Lutjanus Griseus",-65.0485749754712,23.8479377296949,0,-65.0485749754712,23.8479377296949
"8301","Lutjanus Griseus",-89.1649739106444,26.6575820061969,0,-89.1649739106444,26.6575820061969
"8331","Lutjanus Griseus",-64.3695175048057,30.8347019239461,0,-64.3695175048057,30.8347019239461
"8361","Lutjanus Griseus",-65.1596159506589,34.8282109467151,0,-65.1596159506589,34.8282109467151
"8371","Lutjanus Griseus",-68.5686915247744,19.8010763336612,0,-68.5686915247744,19.8010763336612
"8391","Lutjanus Griseus",-95.8531042555217,22.2638561051992,0,-95.8531042555217,22.2638561051992
"8461","Lutjanus Griseus",-70.4420861446385,40.3372922331121,0,-70.4420861446385,40.3372922331121
"8471","Lutjanus Griseus",-69.1015392523317,28.2234842709053,0,-69.1015392523317,28.2234842709053
"8511","Lutjanus Griseus",-94.6761076362791,20.786392928792,0,-94.6761076362791,20.786392928792
"8551","Lutjanus Griseus",-68.0054678059139,37.5117940305063,0,-68.0054678059139,37.5117940305063
"8561","Lutjanus Griseus",-90.9879091987331,19.8045478633706,0,-90.9879091987331,19.8045478633706
"8601","Lutjanus Griseus",-68.8766225751346,13.6413612679581,0,-68.8766225751346,13.6413612679581
"8621","Lutjanus Griseus",-86.5425973530208,20.1125316452789,0,-86.5425973530208,20.1125316452789
"8631","Lutjanus Griseus",-69.6678692074447,22.3416157462434,0,-69.6678692074447,22.3416157462434
"8641","Lutjanus Griseus",-38.8479319343429,-1.77865678261595,0,-38.8479319343429,-1.77865678261595
"8651","Lutjanus Griseus",-80.2095189700048,15.5805265988324,0,-80.2095189700048,15.5805265988324
"8691","Lutjanus Griseus",-78.9479331985879,27.2524108531431,0,-78.9479331985879,27.2524108531431
"8701","Lutjanus Griseus",-89.127281296328,28.5234902436534,0,-89.127281296328,28.5234902436534
"8741","Lutjanus Griseus",-37.7891368576792,-3.89864655249367,0,-37.7891368576792,-3.89864655249367
"8761","Lutjanus Griseus",-64.6491444567664,26.5775124063717,0,-64.6491444567664,26.5775124063717
"8801","Lutjanus Griseus",-93.3650195476079,28.2857009441757,0,-93.3650195476079,28.2857009441757
"8811","Lutjanus Griseus",-62.598129333674,18.1839730316479,0,-62.598129333674,18.1839730316479
"8831","Lutjanus Griseus",-89.3748067407034,25.2685615079438,0,-89.3748067407034,25.2685615079438
"8861","Lutjanus Griseus",-71.7789199464204,24.1567374020087,0,-71.7789199464204,24.1567374020087
"8901","Lutjanus Griseus",-72.3419402459419,38.2172447010818,0,-72.3419402459419,38.2172447010818
"8911","Lutjanus Griseus",-82.704685123438,14.0509615957081,0,-82.704685123438,14.0509615957081
"8931","Lutjanus Griseus",-54.6709361767591,7.28837249824163,0,-54.6709361767591,7.28837249824163
"8941","Lutjanus Griseus",-76.4501370900529,25.3079472442017,0,-76.4501370900529,25.3079472442017
"8951","Lutjanus Griseus",-83.9077942396865,26.5432262488097,0,-83.9077942396865,26.5432262488097
"8961","Lutjanus Griseus",-60.7944281821147,9.65181248165027,0,-60.7944281821147,9.65181248165027
"8991","Lutjanus Griseus",-85.6140544583826,18.1066734393773,0,-85.6140544583826,18.1066734393773
"9031","Lutjanus Griseus",-82.1134302895519,21.9118818401485,0,-82.1134302895519,21.9118818401485
"9061","Lutjanus Griseus",-78.077096193259,31.4156339027777,0,-78.077096193259,31.4156339027777
"9071","Lutjanus Griseus",-73.7021775285372,12.7467606202491,0,-73.7021775285372,12.7467606202491
"9091","Lutjanus Griseus",-85.6113086543944,18.9461848537577,0,-85.6113086543944,18.9461848537577
"9101","Lutjanus Griseus",-96.1074426902388,25.3471485188101,0,-96.1074426902388,25.3471485188101
"9111","Lutjanus Griseus",-93.8507669228907,28.5941752379031,0,-93.8507669228907,28.5941752379031
"9121","Lutjanus Griseus",-66.5894736122171,16.9284176252826,0,-66.5894736122171,16.9284176252826
"9161","Lutjanus Griseus",-78.1416205736047,24.6739367755706,0,-78.1416205736047,24.6739367755706
"9191","Lutjanus Griseus",-67.740884038497,15.2829454195943,0,-67.740884038497,15.2829454195943
"9261","Lutjanus Griseus",-82.8480198722076,11.3717556986355,0,-82.8480198722076,11.3717556986355
"9271","Lutjanus Griseus",-69.8366163302617,29.7209975869299,0,-69.8366163302617,29.7209975869299
"9341","Lutjanus Griseus",-70.3742812684615,21.1804948070003,0,-70.3742812684615,21.1804948070003
"9351","Lutjanus Griseus",-46.1280615151381,-0.333596997482758,0,-46.1280615151381,-0.333596997482758
"9411","Lutjanus Griseus",-66.6085072772935,14.9259209413953,0,-66.6085072772935,14.9259209413953
"9421","Lutjanus Griseus",-72.3552407587218,14.8215622955557,0,-72.3552407587218,14.8215622955557
"9481","Lutjanus Griseus",-97.3472468196648,21.2865952616276,0,-97.3472468196648,21.2865952616276
"9541","Lutjanus Griseus",-63.9374893067313,14.6560840314305,0,-63.9374893067313,14.6560840314305
"9591","Lutjanus Griseus",-74.5467725274087,19.7224042006902,0,-74.5467725274087,19.7224042006902
"9611","Lutjanus Griseus",-44.5115060947426,-24.5913683959711,0,-44.5115060947426,-24.5913683959711
"9711","Lutjanus Griseus",-82.2600870628786,22.601402122782,0,-82.2600870628786,22.601402122782
"9761","Lutjanus Griseus",-64.65404337248,26.8881350546554,0,-64.65404337248,26.8881350546554
"9791","Lutjanus Griseus",-68.7121315920948,21.9734641032598,0,-68.7121315920948,21.9734641032598
"9831","Lutjanus Griseus",-66.2616927577873,26.9041753691659,0,-66.2616927577873,26.9041753691659
"9851","Lutjanus Griseus",-85.7059602183749,29.7244392620435,0,-85.7059602183749,29.7244392620435
"9901","Lutjanus Griseus",-76.4898289637898,11.5192493271402,0,-76.4898289637898,11.5192493271402
"9921","Lutjanus Griseus",-47.8271546628591,0.587628351878138,0,-47.8271546628591,0.587628351878138
"9971","Lutjanus Griseus",-96.0023377092656,23.8899127842458,0,-96.0023377092656,23.8899127842458
"10001","Lutjanus Griseus",-74.2780761245276,26.2931151545219,0,-74.2780761245276,26.2931151545219
"10021","Lutjanus Griseus",-43.727096491722,-27.152556054168,0,-43.727096491722,-27.152556054168
"10041","Lutjanus Griseus",-70.758930007186,14.212707650016,0,-70.758930007186,14.212707650016
"10121","Lutjanus Griseus",-47.938189134463,0.0905421330348588,0,-47.938189134463,0.0905421330348588
"10151","Lutjanus Griseus",-46.5893364665847,-0.818933080235489,0,-46.5893364665847,-0.818933080235489
"10171","Lutjanus Griseus",-47.1336214605369,-28.5009133355782,0,-47.1336214605369,-28.5009133355782
"10191","Lutjanus Griseus",-69.74830503117,22.9307031609672,0,-69.74830503117,22.9307031609672
"10201","Lutjanus Griseus",-65.4943364481674,35.1117996298367,0,-65.4943364481674,35.1117996298367
"10211","Lutjanus Griseus",-40.2799691170394,-1.71946323195104,0,-40.2799691170394,-1.71946323195104
"10251","Lutjanus Griseus",-91.2543341033891,23.670366305853,0,-91.2543341033891,23.670366305853
"10261","Lutjanus Griseus",-67.6813369055816,23.2765444564513,0,-67.6813369055816,23.2765444564513
"10301","Lutjanus Griseus",-73.3251231827161,17.2814297634495,0,-73.3251231827161,17.2814297634495
"10331","Lutjanus Griseus",-82.4469302862213,10.8074230778447,0,-82.4469302862213,10.8074230778447
"10341","Lutjanus Griseus",-38.1826700389857,-1.48208587316208,0,-38.1826700389857,-1.48208587316208
"10361","Lutjanus Griseus",-63.2913569739219,13.8799477581557,0,-63.2913569739219,13.8799477581557
"10381","Lutjanus Griseus",-93.2355455467428,27.8687090687764,0,-93.2355455467428,27.8687090687764
"10401","Lutjanus Griseus",-88.9561132448101,30.1365951594131,0,-88.9561132448101,30.1365951594131
"1048","Lutjanus Griseus",-73.9106590263155,37.026855812974,0,-73.9106590263155,37.026855812974
"1049","Lutjanus Griseus",-62.189691488082,14.0759297120852,0,-62.189691488082,14.0759297120852
"1054","Lutjanus Griseus",-87.5395448059318,22.1964323198996,0,-87.5395448059318,22.1964323198996
"1057","Lutjanus Griseus",-69.0454918072971,33.9026496432396,0,-69.0454918072971,33.9026496432396
"1063","Lutjanus Griseus",-77.4990553045891,30.3581426258591,0,-77.4990553045891,30.3581426258591
"1066","Lutjanus Griseus",-90.3198732665401,21.8591614432445,0,-90.3198732665401,21.8591614432445
"1067","Lutjanus Griseus",-74.9276438539483,14.178611511277,0,-74.9276438539483,14.178611511277
"1072","Lutjanus Griseus",-85.9437372464042,28.9874058770701,0,-85.9437372464042,28.9874058770701
"1074","Lutjanus Griseus",-72.2174074188902,17.7100343261654,0,-72.2174074188902,17.7100343261654
"1076","Lutjanus Griseus",-80.6686166188252,28.2614510823183,0,-80.6686166188252,28.2614510823183
"1077","Lutjanus Griseus",-64.7956055299611,14.8203100453492,0,-64.7956055299611,14.8203100453492
"1079","Lutjanus Griseus",-59.9722675692805,12.699396953141,0,-59.9722675692805,12.699396953141
"1080","Lutjanus Griseus",-78.55888805237,20.8060606780916,0,-78.55888805237,20.8060606780916
"1085","Lutjanus Griseus",-64.4458590337811,27.4978069900348,0,-64.4458590337811,27.4978069900348
"1086","Lutjanus Griseus",-36.4303503605337,-3.96733577107534,0,-36.4303503605337,-3.96733577107534
"1090","Lutjanus Griseus",-91.1375274123998,20.8682430956473,0,-91.1375274123998,20.8682430956473
"1091","Lutjanus Griseus",-86.6738343417516,26.4474629276712,0,-86.6738343417516,26.4474629276712
"1096","Lutjanus Griseus",-74.2995262356947,33.3753760675605,0,-74.2995262356947,33.3753760675605
"1100","Lutjanus Griseus",-64.0722995741292,23.7519635604741,0,-64.0722995741292,23.7519635604741
"1103","Lutjanus Griseus",-76.2626296654157,25.7657502505516,0,-76.2626296654157,25.7657502505516
"1105","Lutjanus Griseus",-84.7987033561688,18.2924911406428,0,-84.7987033561688,18.2924911406428
"1106","Lutjanus Griseus",-66.6335421547665,34.7924320999301,0,-66.6335421547665,34.7924320999301
"1109","Lutjanus Griseus",-84.4784204957265,17.2172770642658,0,-84.4784204957265,17.2172770642658
"1113","Lutjanus Griseus",-36.0603720810995,-15.7117164147808,0,-36.0603720810995,-15.7117164147808
"1115","Lutjanus Griseus",-40.7969063129346,-27.0642406636789,0,-40.7969063129346,-27.0642406636789
"1116","Lutjanus Griseus",-79.95576874494,24.9145843889277,0,-79.95576874494,24.9145843889277
"1119","Lutjanus Griseus",-79.903473290371,11.3604987921057,0,-79.903473290371,11.3604987921057
"1120","Lutjanus Griseus",-79.3539548564093,12.6893235420083,0,-79.3539548564093,12.6893235420083
"1128","Lutjanus Griseus",-40.5319419491043,-1.70578992851631,0,-40.5319419491043,-1.70578992851631
"1129","Lutjanus Griseus",-63.5721356376466,29.448107456384,0,-63.5721356376466,29.448107456384
"1135","Lutjanus Griseus",-66.6984995400787,22.9926533332947,0,-66.6984995400787,22.9926533332947
"1139","Lutjanus Griseus",-59.2222221739977,12.6028266655251,0,-59.2222221739977,12.6028266655251
"1142","Lutjanus Griseus",-87.7423443443436,22.205785509192,0,-87.7423443443436,22.205785509192
"1143","Lutjanus Griseus",-73.8545571821448,39.8434348942613,0,-73.8545571821448,39.8434348942613
"1144","Lutjanus Griseus",-44.2106904969595,1.78724940864477,0,-44.2106904969595,1.78724940864477
"1147","Lutjanus Griseus",-67.8512930719895,24.0266379695927,0,-67.8512930719895,24.0266379695927
"1148","Lutjanus Griseus",-65.0499287389983,26.4726257479335,0,-65.0499287389983,26.4726257479335
"1149","Lutjanus Griseus",-73.9320866332589,12.5712757527617,0,-73.9320866332589,12.5712757527617
"1155","Lutjanus Griseus",-56.5409616666689,6.93050227504135,0,-56.5409616666689,6.93050227504135
"1156","Lutjanus Griseus",-85.5073168499314,21.0849011621851,0,-85.5073168499314,21.0849011621851
"1159","Lutjanus Griseus",-87.4444525481685,26.3095868192647,0,-87.4444525481685,26.3095868192647
"1163","Lutjanus Griseus",-37.1716228466586,-15.3844569888034,0,-37.1716228466586,-15.3844569888034
"1164","Lutjanus Griseus",-45.8894501137684,2.96949316394105,0,-45.8894501137684,2.96949316394105
"1167","Lutjanus Griseus",-67.3007678893245,14.3985398323829,0,-67.3007678893245,14.3985398323829
"1172","Lutjanus Griseus",-74.0721919271743,38.7297877515113,0,-74.0721919271743,38.7297877515113
"1173","Lutjanus Griseus",-79.8842156011432,12.598357582629,0,-79.8842156011432,12.598357582629
"1174","Lutjanus Griseus",-42.2942820851684,-24.6898871015913,0,-42.2942820851684,-24.6898871015913
"1175","Lutjanus Griseus",-93.1806582316625,25.3247813218325,0,-93.1806582316625,25.3247813218325
"1176","Lutjanus Griseus",-71.5664513718543,27.4217458564456,0,-71.5664513718543,27.4217458564456
"1177","Lutjanus Griseus",-70.9813476822852,13.9298911300524,0,-70.9813476822852,13.9298911300524
"1180","Lutjanus Griseus",-44.9642037004058,-26.6965628407124,0,-44.9642037004058,-26.6965628407124
"1181","Lutjanus Griseus",-88.7269485573157,21.9370132441277,0,-88.7269485573157,21.9370132441277
"1184","Lutjanus Griseus",-40.7798422460737,-2.71483912218288,0,-40.7798422460737,-2.71483912218288
"1187","Lutjanus Griseus",-71.6487290469972,39.9090466759662,0,-71.6487290469972,39.9090466759662
"1190","Lutjanus Griseus",-70.4635512991421,33.6950673332395,0,-70.4635512991421,33.6950673332395
"1191","Lutjanus Griseus",-75.0785732387459,27.030440777858,0,-75.0785732387459,27.030440777858
"1192","Lutjanus Griseus",-70.8542425814503,31.981034170154,0,-70.8542425814503,31.981034170154
"1194","Lutjanus Griseus",-80.7387770991541,32.0350236104746,0,-80.7387770991541,32.0350236104746
"1197","Lutjanus Griseus",-87.8495536753586,27.617708198015,0,-87.8495536753586,27.617708198015
"1200","Lutjanus Griseus",-79.303605690482,12.1672149127982,0,-79.303605690482,12.1672149127982
"1203","Lutjanus Griseus",-89.1195373361912,25.9520364377591,0,-89.1195373361912,25.9520364377591
"1204","Lutjanus Griseus",-60.9285602533566,12.2321079735053,0,-60.9285602533566,12.2321079735053
"1209","Lutjanus Griseus",-86.7871529540614,29.9162088988256,0,-86.7871529540614,29.9162088988256
"1215","Lutjanus Griseus",-45.6663734341636,-28.6063419198301,0,-45.6663734341636,-28.6063419198301
"1223","Lutjanus Griseus",-94.572376947669,27.339123729249,0,-94.572376947669,27.339123729249
"1224","Lutjanus Griseus",-84.7517045540134,20.7401799210821,0,-84.7517045540134,20.7401799210821
"1234","Lutjanus Griseus",-76.0651804795701,18.2144654854154,0,-76.0651804795701,18.2144654854154
"1237","Lutjanus Griseus",-84.0953313407239,15.9578991947198,0,-84.0953313407239,15.9578991947198
"1240","Lutjanus Griseus",-90.6659387494511,23.294087317069,0,-90.6659387494511,23.294087317069
"1246","Lutjanus Griseus",-93.5496095070727,25.3953680920284,0,-93.5496095070727,25.3953680920284
"1253","Lutjanus Griseus",-65.744362429365,19.1008742308172,0,-65.744362429365,19.1008742308172
"1254","Lutjanus Griseus",-85.5239116558653,27.3989068676162,0,-85.5239116558653,27.3989068676162
"1259","Lutjanus Griseus",-38.860574794998,-22.3984517788591,0,-38.860574794998,-22.3984517788591
"1270","Lutjanus Griseus",-58.0561820269984,9.21928066044377,0,-58.0561820269984,9.21928066044377
"1276","Lutjanus Griseus",-92.3372613205783,26.4214300447036,0,-92.3372613205783,26.4214300447036
"1277","Lutjanus Griseus",-84.6081848785719,16.5656612472388,0,-84.6081848785719,16.5656612472388
"1278","Lutjanus Griseus",-93.0918832635104,20.0296513528996,0,-93.0918832635104,20.0296513528996
"1283","Lutjanus Griseus",-83.5735897286198,23.276923155508,0,-83.5735897286198,23.276923155508
"1286","Lutjanus Griseus",-79.1985926714001,11.4147188956853,0,-79.1985926714001,11.4147188956853
"1288","Lutjanus Griseus",-92.792701493633,28.2344083960446,0,-92.792701493633,28.2344083960446
"1296","Lutjanus Griseus",-71.4056942057141,9.78609855463895,0,-71.4056942057141,9.78609855463895
"1302","Lutjanus Griseus",-47.8730235432955,2.05092840260777,0,-47.8730235432955,2.05092840260777
"1305","Lutjanus Griseus",-46.4813887660676,-0.594675883312462,0,-46.4813887660676,-0.594675883312462
"1306","Lutjanus Griseus",-41.6618673302469,-27.5695537098388,0,-41.6618673302469,-27.5695537098388
"1307","Lutjanus Griseus",-67.9340974766438,29.9995867610398,0,-67.9340974766438,29.9995867610398
"1311","Lutjanus Griseus",-67.8110737393673,13.1391871120887,0,-67.8110737393673,13.1391871120887
"1312","Lutjanus Griseus",-52.3396074417738,7.78007199072164,0,-52.3396074417738,7.78007199072164
"1313","Lutjanus Griseus",-72.9699264857234,40.188537592726,0,-72.9699264857234,40.188537592726
"1315","Lutjanus Griseus",-77.0893456284704,33.013553598871,0,-77.0893456284704,33.013553598871
"1324","Lutjanus Griseus",-76.623384936025,33.7342697639022,0,-76.623384936025,33.7342697639022
"1328","Lutjanus Griseus",-75.4032329199537,21.3378427236403,0,-75.4032329199537,21.3378427236403
"1329","Lutjanus Griseus",-66.3294764973167,27.2169674446453,0,-66.3294764973167,27.2169674446453
"1336","Lutjanus Griseus",-75.2218036414632,16.6446809469266,0,-75.2218036414632,16.6446809469266
"1340","Lutjanus Griseus",-59.1562482542158,8.57165430574238,0,-59.1562482542158,8.57165430574238
"1342","Lutjanus Griseus",-67.4519421006247,13.1639207522558,0,-67.4519421006247,13.1639207522558
"1350","Lutjanus Griseus",-85.251135743251,28.580200102883,0,-85.251135743251,28.580200102883
"1353","Lutjanus Griseus",-40.2158300132562,-23.9042222838375,0,-40.2158300132562,-23.9042222838375
"1354","Lutjanus Griseus",-78.850437365144,17.4779456522208,0,-78.850437365144,17.4779456522208
"1357","Lutjanus Griseus",-65.0634921606753,26.9095197474341,0,-65.0634921606753,26.9095197474341
"1361","Lutjanus Griseus",-67.531191460959,35.2571706817682,0,-67.531191460959,35.2571706817682
"1366","Lutjanus Griseus",-68.6913058249783,35.0878719826277,0,-68.6913058249783,35.0878719826277
"1368","Lutjanus Griseus",-40.8676418893811,0.0714169788436081,0,-40.8676418893811,0.0714169788436081
"1371","Lutjanus Griseus",-86.9293068313065,21.5259604051127,0,-86.9293068313065,21.5259604051127
"1377","Lutjanus Griseus",-75.3340916028795,34.9949993246078,0,-75.3340916028795,34.9949993246078
"1379","Lutjanus Griseus",-54.6796399473502,7.92262628588427,0,-54.6796399473502,7.92262628588427
"1380","Lutjanus Griseus",-62.556195045496,14.1215534160361,0,-62.556195045496,14.1215534160361
"1383","Lutjanus Griseus",-79.636766254777,18.2195368117664,0,-79.636766254777,18.2195368117664
"1388","Lutjanus Griseus",-62.280768132304,13.720239462541,0,-62.280768132304,13.720239462541
"1389","Lutjanus Griseus",-68.9581646311228,28.5755812399669,0,-68.9581646311228,28.5755812399669
"1390","Lutjanus Griseus",-71.3140172108036,36.7416652442004,0,-71.3140172108036,36.7416652442004
"1392","Lutjanus Griseus",-37.3972466518428,-20.7910687438067,0,-37.3972466518428,-20.7910687438067
"1398","Lutjanus Griseus",-80.7452497150135,29.1386185931616,0,-80.7452497150135,29.1386185931616
"1411","Lutjanus Griseus",-67.8259212389743,14.114533428301,0,-67.8259212389743,14.114533428301
"1412","Lutjanus Griseus",-94.247094776236,18.598880622238,0,-94.247094776236,18.598880622238
"1414","Lutjanus Griseus",-69.2139138724834,33.2583867170281,0,-69.2139138724834,33.2583867170281
"1421","Lutjanus Griseus",-47.4613765741465,-0.21474366147455,0,-47.4613765741465,-0.21474366147455
"1431","Lutjanus Griseus",-70.0803172114693,22.3725417000987,0,-70.0803172114693,22.3725417000987
"1433","Lutjanus Griseus",-88.315671000847,26.3447025167858,0,-88.315671000847,26.3447025167858
"1434","Lutjanus Griseus",-46.6516485191623,-26.8202997963573,0,-46.6516485191623,-26.8202997963573
"1436","Lutjanus Griseus",-70.4570441595852,28.2378627471925,0,-70.4570441595852,28.2378627471925
"1438","Lutjanus Griseus",-89.508232139817,29.0235420663294,0,-89.508232139817,29.0235420663294
"1444","Lutjanus Griseus",-63.63082285394,21.0104082872643,0,-63.63082285394,21.0104082872643
"1445","Lutjanus Griseus",-84.0511489550664,24.2916807831448,0,-84.0511489550664,24.2916807831448
"1448","Lutjanus Griseus",-66.7886362492849,33.4182734303592,0,-66.7886362492849,33.4182734303592
"1452","Lutjanus Griseus",-71.3789700527243,25.2744657612902,0,-71.3789700527243,25.2744657612902
"1458","Lutjanus Griseus",-91.9385951553205,25.921786714835,0,-91.9385951553205,25.921786714835
"1460","Lutjanus Griseus",-60.0133255147289,14.6224303167072,0,-60.0133255147289,14.6224303167072
"1461","Lutjanus Griseus",-81.3720938312586,13.8422172685833,0,-81.3720938312586,13.8422172685833
"1463","Lutjanus Griseus",-77.8715761054301,17.7633480425962,0,-77.8715761054301,17.7633480425962
"1466","Lutjanus Griseus",-79.8376036710555,9.89566684771452,0,-79.8376036710555,9.89566684771452
"1469","Lutjanus Griseus",-60.5359592270778,16.4932726751205,0,-60.5359592270778,16.4932726751205
"1470","Lutjanus Griseus",-80.2515020654524,32.0712636418059,0,-80.2515020654524,32.0712636418059
"1472","Lutjanus Griseus",-71.8033733001685,24.6362218014641,0,-71.8033733001685,24.6362218014641
"1473","Lutjanus Griseus",-76.2314706608502,16.0224005558295,0,-76.2314706608502,16.0224005558295
"1474","Lutjanus Griseus",-94.4729568131673,19.713248940066,0,-94.4729568131673,19.713248940066
"1478","Lutjanus Griseus",-65.3247872116094,15.0644726520017,0,-65.3247872116094,15.0644726520017
"1479","Lutjanus Griseus",-84.3692721546135,25.4448528145856,0,-84.3692721546135,25.4448528145856
"1481","Lutjanus Griseus",-74.9858477080862,19.3994876245899,0,-74.9858477080862,19.3994876245899
"1482","Lutjanus Griseus",-68.6157986237574,31.7130106429364,0,-68.6157986237574,31.7130106429364
"1485","Lutjanus Griseus",-34.6444309189626,-11.4449393939571,0,-34.6444309189626,-11.4449393939571
"1487","Lutjanus Griseus",-77.5268589309373,23.5608036713591,0,-77.5268589309373,23.5608036713591
"1488","Lutjanus Griseus",-84.333090924561,19.9190731956729,0,-84.333090924561,19.9190731956729
"1495","Lutjanus Griseus",-77.8177950226127,13.7382303449112,0,-77.8177950226127,13.7382303449112
"1498","Lutjanus Griseus",-68.9037900962783,38.5516140233697,0,-68.9037900962783,38.5516140233697
"1499","Lutjanus Griseus",-70.7615796705782,37.1418303028013,0,-70.7615796705782,37.1418303028013
"1501","Lutjanus Griseus",-95.8356508093701,19.5618038570566,0,-95.8356508093701,19.5618038570566
"1502","Lutjanus Griseus",-83.8570940321837,16.9880694399356,0,-83.8570940321837,16.9880694399356
"1503","Lutjanus Griseus",-75.1151800128778,26.306229434708,0,-75.1151800128778,26.306229434708
"1505","Lutjanus Griseus",-69.7437570962507,27.8251773161002,0,-69.7437570962507,27.8251773161002
"1507","Lutjanus Griseus",-72.1513082595332,36.2747240949429,0,-72.1513082595332,36.2747240949429
"1509","Lutjanus Griseus",-68.9355920895143,40.4259995462968,0,-68.9355920895143,40.4259995462968
"1511","Lutjanus Griseus",-36.8345871948586,-17.2597287591961,0,-36.8345871948586,-17.2597287591961
"1516","Lutjanus Griseus",-62.7023523192699,17.4111049239307,0,-62.7023523192699,17.4111049239307
"1518","Lutjanus Griseus",-77.9451335990692,14.1916764867605,0,-77.9451335990692,14.1916764867605
"1520","Lutjanus Griseus",-68.472699857832,34.294508573254,0,-68.472699857832,34.294508573254
"1521","Lutjanus Griseus",-39.3773069608534,-26.461589689554,0,-39.3773069608534,-26.461589689554
"1523","Lutjanus Griseus",-69.7384233369406,31.1867076255616,0,-69.7384233369406,31.1867076255616
"1530","Lutjanus Griseus",-76.3178659403168,28.5383093591707,0,-76.3178659403168,28.5383093591707
"1532","Lutjanus Griseus",-57.3306489735771,8.85760010249223,0,-57.3306489735771,8.85760010249223
"1535","Lutjanus Griseus",-76.85289961662,32.013038905223,0,-76.85289961662,32.013038905223
"1536","Lutjanus Griseus",-81.9281168519686,26.5835034652002,0,-81.9281168519686,26.5835034652002
"1545","Lutjanus Griseus",-70.9703732796005,14.7139751753568,0,-70.9703732796005,14.7139751753568
"1550","Lutjanus Griseus",-72.7793361647982,12.685237376753,0,-72.7793361647982,12.685237376753
"1555","Lutjanus Griseus",-65.0960788234601,13.6209014997606,0,-65.0960788234601,13.6209014997606
"1558","Lutjanus Griseus",-45.294776476527,-27.6622513980236,0,-45.294776476527,-27.6622513980236
"1561","Lutjanus Griseus",-58.6077300501782,12.39126789374,0,-58.6077300501782,12.39126789374
"1562","Lutjanus Griseus",-67.6586013337133,27.5691741577405,0,-67.6586013337133,27.5691741577405
"1565","Lutjanus Griseus",-82.1333277308537,16.734426518579,0,-82.1333277308537,16.734426518579
"1567","Lutjanus Griseus",-72.5951758065551,29.5967820045156,0,-72.5951758065551,29.5967820045156
"1568","Lutjanus Griseus",-69.3232875141522,11.6365984742272,0,-69.3232875141522,11.6365984742272
"1569","Lutjanus Griseus",-79.8801256826367,20.7385194620113,0,-79.8801256826367,20.7385194620113
"1571","Lutjanus Griseus",-79.9576867247574,28.5916094260479,0,-79.9576867247574,28.5916094260479
"1572","Lutjanus Griseus",-80.0182310789296,25.1733959277328,0,-80.0182310789296,25.1733959277328
"1574","Lutjanus Griseus",-67.6314317156197,31.4585979516571,0,-67.6314317156197,31.4585979516571
"1576","Lutjanus Griseus",-81.6637064476083,19.6720935483084,0,-81.6637064476083,19.6720935483084
"1579","Lutjanus Griseus",-69.0409333724328,17.771288695765,0,-69.0409333724328,17.771288695765
"1581","Lutjanus Griseus",-79.6422804885392,17.3204469009148,0,-79.6422804885392,17.3204469009148
"1586","Lutjanus Griseus",-69.3690461375688,41.7681403382864,0,-69.3690461375688,41.7681403382864
"1590","Lutjanus Griseus",-78.2714750797115,15.9896276936518,0,-78.2714750797115,15.9896276936518
"1592","Lutjanus Griseus",-65.5608481748267,15.700931339454,0,-65.5608481748267,15.700931339454
"1593","Lutjanus Griseus",-36.4509656728922,-14.3406692147033,0,-36.4509656728922,-14.3406692147033
"1594","Lutjanus Griseus",-85.8357791523092,18.1541871501669,0,-85.8357791523092,18.1541871501669
"1596","Lutjanus Griseus",-69.8607654135349,41.8288125432693,0,-69.8607654135349,41.8288125432693
"1599","Lutjanus Griseus",-68.091335459347,35.4307478568139,0,-68.091335459347,35.4307478568139
"1606","Lutjanus Griseus",-66.3040803366432,29.4717985992175,0,-66.3040803366432,29.4717985992175
"1609","Lutjanus Griseus",-37.9046177748645,-21.1193916586304,0,-37.9046177748645,-21.1193916586304
"1611","Lutjanus Griseus",-51.3169574607645,6.79903908388126,0,-51.3169574607645,6.79903908388126
"1612","Lutjanus Griseus",-45.0465563187159,-24.6705812378566,0,-45.0465563187159,-24.6705812378566
"1615","Lutjanus Griseus",-65.6104830861762,33.8468476111563,0,-65.6104830861762,33.8468476111563
"1621","Lutjanus Griseus",-61.798622055802,16.9732121746257,0,-61.798622055802,16.9732121746257
"1622","Lutjanus Griseus",-91.5464640129755,25.8526589663153,0,-91.5464640129755,25.8526589663153
"1626","Lutjanus Griseus",-79.8556229138075,14.087612107449,0,-79.8556229138075,14.087612107449
"1627","Lutjanus Griseus",-69.9944074974752,39.8571472195997,0,-69.9944074974752,39.8571472195997
"1631","Lutjanus Griseus",-64.6672040278164,10.3335605908206,0,-64.6672040278164,10.3335605908206
"1632","Lutjanus Griseus",-70.41083666732,20.5619378843274,0,-70.41083666732,20.5619378843274
"1640","Lutjanus Griseus",-83.8418704035785,25.9604407903995,0,-83.8418704035785,25.9604407903995
"1644","Lutjanus Griseus",-74.1098220432655,30.1244545609061,0,-74.1098220432655,30.1244545609061
"1649","Lutjanus Griseus",-70.9513857474227,32.1264418710355,0,-70.9513857474227,32.1264418710355
"1651","Lutjanus Griseus",-56.1755688241282,11.0390987970178,0,-56.1755688241282,11.0390987970178
"1654","Lutjanus Griseus",-86.0337557362589,18.6370638389067,0,-86.0337557362589,18.6370638389067
"1658","Lutjanus Griseus",-79.233399001278,30.957261488972,0,-79.233399001278,30.957261488972
"1660","Lutjanus Griseus",-42.6808964257473,-1.44238810364652,0,-42.6808964257473,-1.44238810364652
"1664","Lutjanus Griseus",-83.2455759911849,17.3314483600035,0,-83.2455759911849,17.3314483600035
"1669","Lutjanus Griseus",-96.3903763043191,24.8999388843746,0,-96.3903763043191,24.8999388843746
"1672","Lutjanus Griseus",-48.8702676690366,1.47448284748702,0,-48.8702676690366,1.47448284748702
"1673","Lutjanus Griseus",-42.9240346709746,-0.695746974332458,0,-42.9240346709746,-0.695746974332458
"1679","Lutjanus Griseus",-79.9738914372221,27.0168213830614,0,-79.9738914372221,27.0168213830614
"1681","Lutjanus Griseus",-94.4220922382191,24.6039860989112,0,-94.4220922382191,24.6039860989112
"1687","Lutjanus Griseus",-73.7330764049437,11.8470930473082,0,-73.7330764049437,11.8470930473082
"1693","Lutjanus Griseus",-74.7041000559523,18.9722110032159,0,-74.7041000559523,18.9722110032159
"1695","Lutjanus Griseus",-79.6656393711783,19.2839056789224,0,-79.6656393711783,19.2839056789224
"1697","Lutjanus Griseus",-39.4500797089673,-2.95975977596164,0,-39.4500797089673,-2.95975977596164
"1702","Lutjanus Griseus",-85.6056234128454,24.0146455691367,0,-85.6056234128454,24.0146455691367
"1704","Lutjanus Griseus",-72.8981441513768,27.633830186749,0,-72.8981441513768,27.633830186749
"1705","Lutjanus Griseus",-82.0389795256306,19.229299716862,0,-82.0389795256306,19.229299716862
"1706","Lutjanus Griseus",-46.3238921443437,1.73664189368305,0,-46.3238921443437,1.73664189368305
"1708","Lutjanus Griseus",-46.5397179205619,-25.2420518044863,0,-46.5397179205619,-25.2420518044863
"1716","Lutjanus Griseus",-83.2526903193105,23.0201427230133,0,-83.2526903193105,23.0201427230133
"1717","Lutjanus Griseus",-81.6565607412101,20.0309881370429,0,-81.6565607412101,20.0309881370429
"1720","Lutjanus Griseus",-78.3108888340666,25.4443758914752,0,-78.3108888340666,25.4443758914752
"1724","Lutjanus Griseus",-71.0096004965831,24.4019208654692,0,-71.0096004965831,24.4019208654692
"1728","Lutjanus Griseus",-60.3027502069451,11.8064354079203,0,-60.3027502069451,11.8064354079203
"1729","Lutjanus Griseus",-57.2634675753191,7.17507319196636,0,-57.2634675753191,7.17507319196636
"1730","Lutjanus Griseus",-74.6575722014009,24.9512355496816,0,-74.6575722014009,24.9512355496816
"1731","Lutjanus Griseus",-94.7433083173593,25.218259373857,0,-94.7433083173593,25.218259373857
"1735","Lutjanus Griseus",-61.4566002369366,10.340724639149,0,-61.4566002369366,10.340724639149
"1737","Lutjanus Griseus",-85.504983901956,26.1724340155099,0,-85.504983901956,26.1724340155099
"1738","Lutjanus Griseus",-61.023763254389,12.2673268235222,0,-61.023763254389,12.2673268235222
"1742","Lutjanus Griseus",-47.437506613144,1.53060468070176,0,-47.437506613144,1.53060468070176
"1745","Lutjanus Griseus",-47.7148098862558,4.37185793634458,0,-47.7148098862558,4.37185793634458
"1747","Lutjanus Griseus",-81.3795808238565,14.2658694568531,0,-81.3795808238565,14.2658694568531
"1755","Lutjanus Griseus",-62.6628479098182,12.3690001579971,0,-62.6628479098182,12.3690001579971
"1756","Lutjanus Griseus",-66.5860764317586,15.2674656088933,0,-66.5860764317586,15.2674656088933
"1763","Lutjanus Griseus",-58.6928089617249,8.7712859231546,0,-58.6928089617249,8.7712859231546
"1768","Lutjanus Griseus",-65.1250679103101,26.6562380829112,0,-65.1250679103101,26.6562380829112
"1770","Lutjanus Griseus",-69.0477479278894,16.1687033469782,0,-69.0477479278894,16.1687033469782
"1780","Lutjanus Griseus",-40.3014707250422,-0.939996954353404,0,-40.3014707250422,-0.939996954353404
"1781","Lutjanus Griseus",-65.4599302102592,12.1965538677361,0,-65.4599302102592,12.1965538677361
"1782","Lutjanus Griseus",-66.0915747311568,21.2875660835935,0,-66.0915747311568,21.2875660835935
"1784","Lutjanus Griseus",-69.7107826800711,31.76992855138,0,-69.7107826800711,31.76992855138
"1786","Lutjanus Griseus",-75.5131107565197,13.0718685682954,0,-75.5131107565197,13.0718685682954
"1787","Lutjanus Griseus",-55.0410112805773,8.03527053527585,0,-55.0410112805773,8.03527053527585
"1789","Lutjanus Griseus",-43.4214789849527,0.487069839117531,0,-43.4214789849527,0.487069839117531
"1791","Lutjanus Griseus",-88.055512755098,24.1268459139517,0,-88.055512755098,24.1268459139517
"1801","Lutjanus Griseus",-70.6837853351794,22.7920788826002,0,-70.6837853351794,22.7920788826002
"1803","Lutjanus Griseus",-89.0591819354426,21.6766291266616,0,-89.0591819354426,21.6766291266616
"1812","Lutjanus Griseus",-64.4527187496377,32.0025381596257,0,-64.4527187496377,32.0025381596257
"1817","Lutjanus Griseus",-64.8380810743472,26.6238664729901,0,-64.8380810743472,26.6238664729901
"1821","Lutjanus Griseus",-44.9433318459765,-26.3291273429565,0,-44.9433318459765,-26.3291273429565
"1828","Lutjanus Griseus",-62.1576059203553,10.3479167572876,0,-62.1576059203553,10.3479167572876
"1830","Lutjanus Griseus",-79.9595674457253,10.8587059921898,0,-79.9595674457253,10.8587059921898
"1831","Lutjanus Griseus",-74.2448712413939,27.0672543541028,0,-74.2448712413939,27.0672543541028
"1837","Lutjanus Griseus",-73.5877004121691,19.3145843588435,0,-73.5877004121691,19.3145843588435
"1840","Lutjanus Griseus",-44.900426138143,1.21757831154722,0,-44.900426138143,1.21757831154722
"1842","Lutjanus Griseus",-87.8861919341301,16.8462841642744,0,-87.8861919341301,16.8462841642744
"1843","Lutjanus Griseus",-71.5507362212232,12.6506940478094,0,-71.5507362212232,12.6506940478094
"1844","Lutjanus Griseus",-88.0679806419958,16.0014866813831,0,-88.0679806419958,16.0014866813831
"1846","Lutjanus Griseus",-73.0616622712086,12.4044398955154,0,-73.0616622712086,12.4044398955154
"1850","Lutjanus Griseus",-64.4374519664106,34.6318535996386,0,-64.4374519664106,34.6318535996386
"1859","Lutjanus Griseus",-62.1604002277072,13.9159799025263,0,-62.1604002277072,13.9159799025263
"1860","Lutjanus Griseus",-63.848456991158,23.9634037657057,0,-63.848456991158,23.9634037657057
"1864","Lutjanus Griseus",-64.9296512767639,12.4987703380306,0,-64.9296512767639,12.4987703380306
"1870","Lutjanus Griseus",-89.9049533992046,25.0546016721848,0,-89.9049533992046,25.0546016721848
"1873","Lutjanus Griseus",-85.8752402399908,16.984791052424,0,-85.8752402399908,16.984791052424
"1877","Lutjanus Griseus",-35.7445875581519,-13.7029893688211,0,-35.7445875581519,-13.7029893688211
"1881","Lutjanus Griseus",-78.2546656403149,10.7474577493732,0,-78.2546656403149,10.7474577493732
"1887","Lutjanus Griseus",-70.8165963127664,14.4128639335538,0,-70.8165963127664,14.4128639335538
"1889","Lutjanus Griseus",-86.7486567368655,28.2862738400762,0,-86.7486567368655,28.2862738400762
"1891","Lutjanus Griseus",-93.9743467773683,25.5736361095828,0,-93.9743467773683,25.5736361095828
"1892","Lutjanus Griseus",-93.1021975068476,21.1076504046924,0,-93.1021975068476,21.1076504046924
"1894","Lutjanus Griseus",-41.1260662766342,-23.2410038797579,0,-41.1260662766342,-23.2410038797579
"1896","Lutjanus Griseus",-82.0538524165661,11.6230077374088,0,-82.0538524165661,11.6230077374088
"1897","Lutjanus Griseus",-42.998630519519,-27.9441731522265,0,-42.998630519519,-27.9441731522265
"1898","Lutjanus Griseus",-36.9113842482193,-11.2132839767204,0,-36.9113842482193,-11.2132839767204
"1902","Lutjanus Griseus",-94.26239998835,26.6883507975099,0,-94.26239998835,26.6883507975099
"1904","Lutjanus Griseus",-70.6727375848328,36.167671071839,0,-70.6727375848328,36.167671071839
"1905","Lutjanus Griseus",-37.3979949894547,-15.3882991657525,0,-37.3979949894547,-15.3882991657525
"1906","Lutjanus Griseus",-40.0752375279723,-0.798859495025219,0,-40.0752375279723,-0.798859495025219
"1908","Lutjanus Griseus",-40.4448483549185,-21.8371443088393,0,-40.4448483549185,-21.8371443088393
"1912","Lutjanus Griseus",-80.0001395066001,24.9382023149877,0,-80.0001395066001,24.9382023149877
"1913","Lutjanus Griseus",-70.5047796597609,39.8228064638233,0,-70.5047796597609,39.8228064638233
"1915","Lutjanus Griseus",-38.3160055427672,-13.3875019628396,0,-38.3160055427672,-13.3875019628396
"1918","Lutjanus Griseus",-77.4128510754961,18.4734435974507,0,-77.4128510754961,18.4734435974507
"1920","Lutjanus Griseus",-37.1954746188997,-18.6623291841457,0,-37.1954746188997,-18.6623291841457
"1923","Lutjanus Griseus",-74.2762861802186,21.3111889989406,0,-74.2762861802186,21.3111889989406
"1926","Lutjanus Griseus",-66.8866181800364,18.2558716192702,0,-66.8866181800364,18.2558716192702
"1929","Lutjanus Griseus",-72.9725814826622,30.3969011113819,0,-72.9725814826622,30.3969011113819
"1930","Lutjanus Griseus",-83.1119467472642,11.3833281268675,0,-83.1119467472642,11.3833281268675
"1931","Lutjanus Griseus",-41.1429934643283,-22.9556852728982,0,-41.1429934643283,-22.9556852728982
"1932","Lutjanus Griseus",-78.7485782347423,30.0026722091702,0,-78.7485782347423,30.0026722091702
"1937","Lutjanus Griseus",-62.7101762066288,12.801666345166,0,-62.7101762066288,12.801666345166
"1938","Lutjanus Griseus",-94.2431642715105,20.4560620895892,0,-94.2431642715105,20.4560620895892
"1948","Lutjanus Griseus",-77.8944238033388,18.5535994957168,0,-77.8944238033388,18.5535994957168
"1951","Lutjanus Griseus",-61.2479910531416,17.940716528201,0,-61.2479910531416,17.940716528201
"1954","Lutjanus Griseus",-80.4121273820666,16.6260087429299,0,-80.4121273820666,16.6260087429299
"1959","Lutjanus Griseus",-35.4240247548931,-12.3978063962045,0,-35.4240247548931,-12.3978063962045
"1960","Lutjanus Griseus",-80.2502931130332,31.2053710881651,0,-80.2502931130332,31.2053710881651
"1962","Lutjanus Griseus",-66.0172931667829,14.15404444434,0,-66.0172931667829,14.15404444434
"1963","Lutjanus Griseus",-75.426582366318,32.3052118798255,0,-75.426582366318,32.3052118798255
"1968","Lutjanus Griseus",-75.2056450922877,11.0728494986138,0,-75.2056450922877,11.0728494986138
"1977","Lutjanus Griseus",-74.7128302511517,27.7327949873645,0,-74.7128302511517,27.7327949873645
"1983","Lutjanus Griseus",-72.7881534442011,37.7938171727012,0,-72.7881534442011,37.7938171727012
"1984","Lutjanus Griseus",-96.2187633803137,25.7941836701702,0,-96.2187633803137,25.7941836701702
"1985","Lutjanus Griseus",-81.3910678548241,12.0508761571854,0,-81.3910678548241,12.0508761571854
"1986","Lutjanus Griseus",-80.1131366473675,29.1110901206944,0,-80.1131366473675,29.1110901206944
"1988","Lutjanus Griseus",-44.580010394895,-1.40819228057461,0,-44.580010394895,-1.40819228057461
"1989","Lutjanus Griseus",-61.4857683698814,15.9127621490736,0,-61.4857683698814,15.9127621490736
"1990","Lutjanus Griseus",-59.6821549103372,9.83640890279592,0,-59.6821549103372,9.83640890279592
"1992","Lutjanus Griseus",-66.3253843906886,34.014609143405,0,-66.3253843906886,34.014609143405
"2000","Lutjanus Griseus",-42.2135258535711,-0.992124153420576,0,-42.2135258535711,-0.992124153420576
"2001","Lutjanus Griseus",-42.4130374808503,-23.7907534432105,0,-42.4130374808503,-23.7907534432105
"2004","Lutjanus Griseus",-70.4151276498957,41.2810524681718,0,-70.4151276498957,41.2810524681718
"2005","Lutjanus Griseus",-58.1459827683562,12.7368334804101,0,-58.1459827683562,12.7368334804101
"2008","Lutjanus Griseus",-91.300624334005,21.072273641712,0,-91.300624334005,21.072273641712
"2010","Lutjanus Griseus",-36.0102773147071,-12.4421769169928,0,-36.0102773147071,-12.4421769169928
"2012","Lutjanus Griseus",-36.2473341316052,-16.5656586118359,0,-36.2473341316052,-16.5656586118359
"2016","Lutjanus Griseus",-76.3015349094114,32.0218722757054,0,-76.3015349094114,32.0218722757054
"2019","Lutjanus Griseus",-62.1189045667527,11.6146114974303,0,-62.1189045667527,11.6146114974303
"2020","Lutjanus Griseus",-76.271807012396,18.6329430731485,0,-76.271807012396,18.6329430731485
"2021","Lutjanus Griseus",-72.5326828540574,31.1042908298372,0,-72.5326828540574,31.1042908298372
"2027","Lutjanus Griseus",-77.0862611214817,30.5225543994533,0,-77.0862611214817,30.5225543994533
"2028","Lutjanus Griseus",-65.4811002266569,34.2196022162387,0,-65.4811002266569,34.2196022162387
"2030","Lutjanus Griseus",-68.5613935767718,32.2374209154491,0,-68.5613935767718,32.2374209154491
"2032","Lutjanus Griseus",-68.8425292082349,35.392685417399,0,-68.8425292082349,35.392685417399
"2033","Lutjanus Griseus",-78.4597382268712,27.4899892842568,0,-78.4597382268712,27.4899892842568
"2037","Lutjanus Griseus",-80.9076884526588,12.2078334288741,0,-80.9076884526588,12.2078334288741
"2040","Lutjanus Griseus",-63.9602619095198,10.4567917219971,0,-63.9602619095198,10.4567917219971
"2041","Lutjanus Griseus",-70.1704238340025,23.1862540992719,0,-70.1704238340025,23.1862540992719
"2042","Lutjanus Griseus",-74.9155054009245,29.0784244064984,0,-74.9155054009245,29.0784244064984
"2047","Lutjanus Griseus",-42.0681368080429,-24.1674383490318,0,-42.0681368080429,-24.1674383490318
"2050","Lutjanus Griseus",-45.5990302668547,-25.4488468414957,0,-45.5990302668547,-25.4488468414957
"2057","Lutjanus Griseus",-68.889360436739,20.9353752104705,0,-68.889360436739,20.9353752104705
"2062","Lutjanus Griseus",-43.611562922859,-0.868599587263816,0,-43.611562922859,-0.868599587263816
"2064","Lutjanus Griseus",-40.6904254288977,-23.6110909807685,0,-40.6904254288977,-23.6110909807685
"2067","Lutjanus Griseus",-63.0825899870466,12.5627174826438,0,-63.0825899870466,12.5627174826438
"2069","Lutjanus Griseus",-80.8206365999329,14.4818585127287,0,-80.8206365999329,14.4818585127287
"2072","Lutjanus Griseus",-85.4776577571864,20.2521174971771,0,-85.4776577571864,20.2521174971771
"2079","Lutjanus Griseus",-91.4759156272991,23.7496005854476,0,-91.4759156272991,23.7496005854476
"2084","Lutjanus Griseus",-37.4350971300208,-12.5186013558627,0,-37.4350971300208,-12.5186013558627
"2085","Lutjanus Griseus",-72.8866196032396,14.1068858653243,0,-72.8866196032396,14.1068858653243
"2086","Lutjanus Griseus",-63.4736395894739,12.4635473505561,0,-63.4736395894739,12.4635473505561
"2087","Lutjanus Griseus",-55.4281672268559,7.18986949062215,0,-55.4281672268559,7.18986949062215
"2088","Lutjanus Griseus",-37.6438973641892,-20.0896666362987,0,-37.6438973641892,-20.0896666362987
"2089","Lutjanus Griseus",-39.7255587116113,-1.17380429571772,0,-39.7255587116113,-1.17380429571772
"2090","Lutjanus Griseus",-68.2216160717588,17.0669300706055,0,-68.2216160717588,17.0669300706055
"2091","Lutjanus Griseus",-73.6526190191028,39.2012000523937,0,-73.6526190191028,39.2012000523937
"2093","Lutjanus Griseus",-89.1729601444753,26.1396861200491,0,-89.1729601444753,26.1396861200491
"2094","Lutjanus Griseus",-73.6476878589851,15.5656440625808,0,-73.6476878589851,15.5656440625808
"2108","Lutjanus Griseus",-69.0278853901673,28.0485344131874,0,-69.0278853901673,28.0485344131874
"2110","Lutjanus Griseus",-72.3486979862113,36.3799132339793,0,-72.3486979862113,36.3799132339793
"2113","Lutjanus Griseus",-66.3313665633876,28.5170100724399,0,-66.3313665633876,28.5170100724399
"2116","Lutjanus Griseus",-71.6703373563221,16.0943814464066,0,-71.6703373563221,16.0943814464066
"2117","Lutjanus Griseus",-78.875687468696,13.9611783610229,0,-78.875687468696,13.9611783610229
"2118","Lutjanus Griseus",-97.2750105716334,24.6512325177734,0,-97.2750105716334,24.6512325177734
"2119","Lutjanus Griseus",-90.7465903918715,27.2907935601675,0,-90.7465903918715,27.2907935601675
"2121","Lutjanus Griseus",-88.3713743941392,28.3479443689487,0,-88.3713743941392,28.3479443689487
"2123","Lutjanus Griseus",-70.8454945165905,37.4705070310913,0,-70.8454945165905,37.4705070310913
"2128","Lutjanus Griseus",-68.8126676838446,25.2788157908732,0,-68.8126676838446,25.2788157908732
"2130","Lutjanus Griseus",-92.2427460279531,24.0510393354107,0,-92.2427460279531,24.0510393354107
"2133","Lutjanus Griseus",-64.4593141586306,31.1785187452208,0,-64.4593141586306,31.1785187452208
"2134","Lutjanus Griseus",-78.9403761253153,25.2243803164023,0,-78.9403761253153,25.2243803164023
"2135","Lutjanus Griseus",-65.0180582605929,33.9041137758928,0,-65.0180582605929,33.9041137758928
"2136","Lutjanus Griseus",-84.9750886343225,25.6461366972801,0,-84.9750886343225,25.6461366972801
"2138","Lutjanus Griseus",-94.3782090478096,18.6670845616675,0,-94.3782090478096,18.6670845616675
"2139","Lutjanus Griseus",-88.2619608192499,21.8846581806699,0,-88.2619608192499,21.8846581806699
"2144","Lutjanus Griseus",-69.2149786671922,28.5739844247286,0,-69.2149786671922,28.5739844247286
"2147","Lutjanus Griseus",-67.4603961670253,36.6395083342324,0,-67.4603961670253,36.6395083342324
"2148","Lutjanus Griseus",-62.8862831982526,18.7470851633034,0,-62.8862831982526,18.7470851633034
"2149","Lutjanus Griseus",-47.860725220632,3.24490260050788,0,-47.860725220632,3.24490260050788
"2153","Lutjanus Griseus",-76.2623867231289,32.9000258400371,0,-76.2623867231289,32.9000258400371
"2158","Lutjanus Griseus",-94.5958843946524,26.5161725495975,0,-94.5958843946524,26.5161725495975
"2163","Lutjanus Griseus",-84.4018138697324,27.5179741953632,0,-84.4018138697324,27.5179741953632
"2165","Lutjanus Griseus",-92.1630066347312,28.4711529874884,0,-92.1630066347312,28.4711529874884
"2174","Lutjanus Griseus",-65.0073533007796,17.6708286504379,0,-65.0073533007796,17.6708286504379
"2178","Lutjanus Griseus",-77.2766704361197,9.28004516723724,0,-77.2766704361197,9.28004516723724
"2188","Lutjanus Griseus",-40.2790798887043,-21.7601903768099,0,-40.2790798887043,-21.7601903768099
"2189","Lutjanus Griseus",-58.6939744252259,8.24015593280474,0,-58.6939744252259,8.24015593280474
"2193","Lutjanus Griseus",-48.8124598345308,1.69240229097596,0,-48.8124598345308,1.69240229097596
"2196","Lutjanus Griseus",-75.9548456750662,26.1298753969082,0,-75.9548456750662,26.1298753969082
"2198","Lutjanus Griseus",-91.1698978462166,21.7156431001888,0,-91.1698978462166,21.7156431001888
"2199","Lutjanus Griseus",-73.9198897087615,19.4468756702469,0,-73.9198897087615,19.4468756702469
"2200","Lutjanus Griseus",-43.1500971489682,0.86105998232302,0,-43.1500971489682,0.86105998232302
"2205","Lutjanus Griseus",-63.6052774451341,13.3243607288456,0,-63.6052774451341,13.3243607288456
"2209","Lutjanus Griseus",-78.5385968707295,23.6739214568248,0,-78.5385968707295,23.6739214568248
"2212","Lutjanus Griseus",-93.4362727211968,20.8674301663633,0,-93.4362727211968,20.8674301663633
"2221","Lutjanus Griseus",-72.0455519020897,39.3951794363009,0,-72.0455519020897,39.3951794363009
"2222","Lutjanus Griseus",-36.3358895278257,-17.4715805197651,0,-36.3358895278257,-17.4715805197651
"2225","Lutjanus Griseus",-64.2066059505357,16.0786063145314,0,-64.2066059505357,16.0786063145314
"2231","Lutjanus Griseus",-79.8455111325062,28.3147616956559,0,-79.8455111325062,28.3147616956559
"2239","Lutjanus Griseus",-80.291300990003,23.7918901070547,0,-80.291300990003,23.7918901070547
"2240","Lutjanus Griseus",-80.3211211528156,15.2559680402488,0,-80.3211211528156,15.2559680402488
"2242","Lutjanus Griseus",-75.7469776719019,21.4166388383666,0,-75.7469776719019,21.4166388383666
"2246","Lutjanus Griseus",-60.9787869148609,12.8341664190879,0,-60.9787869148609,12.8341664190879
"2257","Lutjanus Griseus",-89.4859967512895,21.5081773691399,0,-89.4859967512895,21.5081773691399
"2259","Lutjanus Griseus",-85.793288169509,27.8588387175706,0,-85.793288169509,27.8588387175706
"2264","Lutjanus Griseus",-92.3352855226848,28.5693476328297,0,-92.3352855226848,28.5693476328297
"2265","Lutjanus Griseus",-73.109975967341,35.4341925741758,0,-73.109975967341,35.4341925741758
"2271","Lutjanus Griseus",-75.541805920887,13.3021913185647,0,-75.541805920887,13.3021913185647
"2274","Lutjanus Griseus",-78.901465228672,31.6931016027908,0,-78.901465228672,31.6931016027908
"2275","Lutjanus Griseus",-82.4886742230092,15.6786178077347,0,-82.4886742230092,15.6786178077347
"2276","Lutjanus Griseus",-71.7592570292151,9.27135810861196,0,-71.7592570292151,9.27135810861196
"2280","Lutjanus Griseus",-80.3073239668066,21.6742422801276,0,-80.3073239668066,21.6742422801276
"2284","Lutjanus Griseus",-70.1412660794403,17.2592304782912,0,-70.1412660794403,17.2592304782912
"2288","Lutjanus Griseus",-71.9672799939407,15.3846660306063,0,-71.9672799939407,15.3846660306063
"2289","Lutjanus Griseus",-82.0011675675113,12.8611747888019,0,-82.0011675675113,12.8611747888019
"2291","Lutjanus Griseus",-73.8186814077996,11.5226803746668,0,-73.8186814077996,11.5226803746668
"2298","Lutjanus Griseus",-82.7839648439605,20.6205719655472,0,-82.7839648439605,20.6205719655472
"2299","Lutjanus Griseus",-67.9170206457398,25.4688511839246,0,-67.9170206457398,25.4688511839246
"2300","Lutjanus Griseus",-62.1744516612983,11.2969487014467,0,-62.1744516612983,11.2969487014467
"2303","Lutjanus Griseus",-61.8525854061156,13.3782768915478,0,-61.8525854061156,13.3782768915478
"2308","Lutjanus Griseus",-46.0764331489687,-28.5449757983131,0,-46.0764331489687,-28.5449757983131
"2309","Lutjanus Griseus",-78.9441155948626,25.0687376610083,0,-78.9441155948626,25.0687376610083
"2311","Lutjanus Griseus",-60.747643967836,11.1645143435327,0,-60.747643967836,11.1645143435327
"2312","Lutjanus Griseus",-82.3171333398707,18.0273078969135,0,-82.3171333398707,18.0273078969135
"2313","Lutjanus Griseus",-69.9560476731968,15.6450580173544,0,-69.9560476731968,15.6450580173544
"2315","Lutjanus Griseus",-76.4934548789394,14.6005688022263,0,-76.4934548789394,14.6005688022263
"2318","Lutjanus Griseus",-73.5851425283248,33.0908911786808,0,-73.5851425283248,33.0908911786808
"2320","Lutjanus Griseus",-35.5097795984977,-13.875697454681,0,-35.5097795984977,-13.875697454681
"2322","Lutjanus Griseus",-60.0656193737924,11.9613034055128,0,-60.0656193737924,11.9613034055128
"2323","Lutjanus Griseus",-96.0083716827062,24.3937137722025,0,-96.0083716827062,24.3937137722025
"2327","Lutjanus Griseus",-69.037749670595,30.0384767122485,0,-69.037749670595,30.0384767122485
"2328","Lutjanus Griseus",-81.5579863917111,16.0250893150755,0,-81.5579863917111,16.0250893150755
"2330","Lutjanus Griseus",-90.0763134280086,22.8034894023827,0,-90.0763134280086,22.8034894023827
"2335","Lutjanus Griseus",-66.4825941405441,15.5456880298412,0,-66.4825941405441,15.5456880298412
"2339","Lutjanus Griseus",-44.2355781320783,-2.19136071057729,0,-44.2355781320783,-2.19136071057729
"2344","Lutjanus Griseus",-74.5560676834676,17.2092186152465,0,-74.5560676834676,17.2092186152465
"2345","Lutjanus Griseus",-94.6719810667346,28.0064755142759,0,-94.6719810667346,28.0064755142759
"2346","Lutjanus Griseus",-71.8585437490759,13.575265971605,0,-71.8585437490759,13.575265971605
"2347","Lutjanus Griseus",-56.9056110036998,10.1709141730153,0,-56.9056110036998,10.1709141730153
"2348","Lutjanus Griseus",-70.8119452626133,12.7746721523287,0,-70.8119452626133,12.7746721523287
"2358","Lutjanus Griseus",-73.302773236902,28.859806726483,0,-73.302773236902,28.859806726483
"2359","Lutjanus Griseus",-39.864064838076,-0.72576836638784,0,-39.864064838076,-0.72576836638784
"2360","Lutjanus Griseus",-83.8409029498936,28.7939946837195,0,-83.8409029498936,28.7939946837195
"2362","Lutjanus Griseus",-57.4319713911623,6.37655175216786,0,-57.4319713911623,6.37655175216786
"2363","Lutjanus Griseus",-80.2041103890897,17.630773720983,0,-80.2041103890897,17.630773720983
"2370","Lutjanus Griseus",-47.5430361960886,0.442727388139424,0,-47.5430361960886,0.442727388139424
"2372","Lutjanus Griseus",-67.158170096895,24.5109718140965,0,-67.158170096895,24.5109718140965
"2373","Lutjanus Griseus",-75.0858422093316,32.4009618353535,0,-75.0858422093316,32.4009618353535
"2376","Lutjanus Griseus",-37.3175511882026,-18.1759669105098,0,-37.3175511882026,-18.1759669105098
"2382","Lutjanus Griseus",-68.1541852732161,23.8259275304034,0,-68.1541852732161,23.8259275304034
"2383","Lutjanus Griseus",-65.4110571755244,32.237981743765,0,-65.4110571755244,32.237981743765
"2385","Lutjanus Griseus",-78.2734965242544,13.712307571047,0,-78.2734965242544,13.712307571047
"2387","Lutjanus Griseus",-47.8265145460982,0.157251375357518,0,-47.8265145460982,0.157251375357518
"2391","Lutjanus Griseus",-57.4515287922781,8.68476771037062,0,-57.4515287922781,8.68476771037062
"2396","Lutjanus Griseus",-79.4684204699434,11.7562882865204,0,-79.4684204699434,11.7562882865204
"2397","Lutjanus Griseus",-33.8103349533426,-7.85374183730656,0,-33.8103349533426,-7.85374183730656
"2399","Lutjanus Griseus",-94.4446427466579,23.7472556408122,0,-94.4446427466579,23.7472556408122
"2402","Lutjanus Griseus",-46.7130130542745,0.167425626877424,0,-46.7130130542745,0.167425626877424
"2404","Lutjanus Griseus",-97.5073507251188,24.6878622408183,0,-97.5073507251188,24.6878622408183
"2412","Lutjanus Griseus",-68.9632275647901,39.6319804513081,0,-68.9632275647901,39.6319804513081
"2414","Lutjanus Griseus",-71.3793661179423,23.6570334502742,0,-71.3793661179423,23.6570334502742
"2416","Lutjanus Griseus",-96.6030466267424,21.7195074044232,0,-96.6030466267424,21.7195074044232
"2417","Lutjanus Griseus",-70.6144875977963,37.9670721533803,0,-70.6144875977963,37.9670721533803
"2418","Lutjanus Griseus",-82.0878338245736,21.166996513964,0,-82.0878338245736,21.166996513964
"2421","Lutjanus Griseus",-79.732202002057,12.8534087809617,0,-79.732202002057,12.8534087809617
"2425","Lutjanus Griseus",-69.564117853241,17.5318537022611,0,-69.564117853241,17.5318537022611
"2428","Lutjanus Griseus",-71.2793911122532,21.9642447323251,0,-71.2793911122532,21.9642447323251
"2430","Lutjanus Griseus",-45.0202999679053,2.85356488873783,0,-45.0202999679053,2.85356488873783
"2431","Lutjanus Griseus",-57.8301970297854,10.9848656726158,0,-57.8301970297854,10.9848656726158
"2434","Lutjanus Griseus",-65.1529143569837,10.4312124179554,0,-65.1529143569837,10.4312124179554
"2438","Lutjanus Griseus",-61.8975272675321,12.9580771479503,0,-61.8975272675321,12.9580771479503
"2442","Lutjanus Griseus",-70.576692916721,20.9531804954185,0,-70.576692916721,20.9531804954185
"2443","Lutjanus Griseus",-83.287344620318,12.6217946166107,0,-83.287344620318,12.6217946166107
"2447","Lutjanus Griseus",-41.0159585201444,1.11093142857879,0,-41.0159585201444,1.11093142857879
"2448","Lutjanus Griseus",-80.5615350953893,9.77741567403453,0,-80.5615350953893,9.77741567403453
"2449","Lutjanus Griseus",-41.0582743468438,-1.9027109433404,0,-41.0582743468438,-1.9027109433404
"2451","Lutjanus Griseus",-47.5145955528187,0.833835166790074,0,-47.5145955528187,0.833835166790074
"2452","Lutjanus Griseus",-73.6208593447477,38.8467599032006,0,-73.6208593447477,38.8467599032006
"2454","Lutjanus Griseus",-41.3148501055802,-0.875957163141479,0,-41.3148501055802,-0.875957163141479
"2456","Lutjanus Griseus",-77.2306757234919,21.5604301319314,0,-77.2306757234919,21.5604301319314
"2459","Lutjanus Griseus",-72.333618272192,13.5297976656926,0,-72.333618272192,13.5297976656926
"2461","Lutjanus Griseus",-75.5398499680413,24.6296501802696,0,-75.5398499680413,24.6296501802696
"2462","Lutjanus Griseus",-66.1869637681173,24.3965265334854,0,-66.1869637681173,24.3965265334854
"2466","Lutjanus Griseus",-82.818061979292,11.2352435923529,0,-82.818061979292,11.2352435923529
"2470","Lutjanus Griseus",-49.2694421471151,1.497717105485,0,-49.2694421471151,1.497717105485
"2472","Lutjanus Griseus",-65.6250837686976,19.4830715281343,0,-65.6250837686976,19.4830715281343
"2474","Lutjanus Griseus",-87.3461926499882,27.1646675270066,0,-87.3461926499882,27.1646675270066
"2475","Lutjanus Griseus",-86.1547169561252,20.0477547173267,0,-86.1547169561252,20.0477547173267
"2487","Lutjanus Griseus",-77.1151607688583,16.7307143064732,0,-77.1151607688583,16.7307143064732
"2488","Lutjanus Griseus",-66.3234288785063,19.8697775184192,0,-66.3234288785063,19.8697775184192
"2489","Lutjanus Griseus",-65.2012595225604,32.082587315543,0,-65.2012595225604,32.082587315543
"2490","Lutjanus Griseus",-71.1717100890649,11.2335200370544,0,-71.1717100890649,11.2335200370544
"2492","Lutjanus Griseus",-66.4399784955898,11.8547784964158,0,-66.4399784955898,11.8547784964158
"2494","Lutjanus Griseus",-86.4497431638459,26.3211916372993,0,-86.4497431638459,26.3211916372993
"2495","Lutjanus Griseus",-43.4508454164241,-28.0968955130044,0,-43.4508454164241,-28.0968955130044
"2499","Lutjanus Griseus",-89.7591661915085,28.1683229971391,0,-89.7591661915085,28.1683229971391
"2501","Lutjanus Griseus",-36.4155545704966,-18.0832894431348,0,-36.4155545704966,-18.0832894431348
"2504","Lutjanus Griseus",-76.8613575730146,12.1417059252534,0,-76.8613575730146,12.1417059252534
"2505","Lutjanus Griseus",-70.5631771018857,24.2608957462264,0,-70.5631771018857,24.2608957462264
"2507","Lutjanus Griseus",-66.1516043904868,14.6897388210814,0,-66.1516043904868,14.6897388210814
"2514","Lutjanus Griseus",-92.287100029209,20.3488479895836,0,-92.287100029209,20.3488479895836
"2515","Lutjanus Griseus",-68.0695718997504,27.1033983112358,0,-68.0695718997504,27.1033983112358
"2518","Lutjanus Griseus",-77.6760444131527,32.2213625097026,0,-77.6760444131527,32.2213625097026
"2519","Lutjanus Griseus",-81.2795874318672,25.0797978760507,0,-81.2795874318672,25.0797978760507
"2521","Lutjanus Griseus",-64.9167387908939,16.2757671599224,0,-64.9167387908939,16.2757671599224
"2525","Lutjanus Griseus",-78.7881707008959,31.8328425687842,0,-78.7881707008959,31.8328425687842
"2527","Lutjanus Griseus",-51.4977445863253,5.99345849247244,0,-51.4977445863253,5.99345849247244
"2528","Lutjanus Griseus",-49.1567241134232,3.51403884014756,0,-49.1567241134232,3.51403884014756
"2530","Lutjanus Griseus",-46.7662036785367,-26.6402582697888,0,-46.7662036785367,-26.6402582697888
"2533","Lutjanus Griseus",-75.4270330282108,32.3106630815691,0,-75.4270330282108,32.3106630815691
"2534","Lutjanus Griseus",-78.3479159402936,24.5265098939915,0,-78.3479159402936,24.5265098939915
"2537","Lutjanus Griseus",-88.0548370661646,24.7767445441198,0,-88.0548370661646,24.7767445441198
"2539","Lutjanus Griseus",-35.1224351546542,-9.78756400681188,0,-35.1224351546542,-9.78756400681188
"2540","Lutjanus Griseus",-83.3743355399334,27.4713034712698,0,-83.3743355399334,27.4713034712698
"2541","Lutjanus Griseus",-91.8005232646407,28.6205470273207,0,-91.8005232646407,28.6205470273207
"2546","Lutjanus Griseus",-61.6093577366102,12.2341253694172,0,-61.6093577366102,12.2341253694172
"2547","Lutjanus Griseus",-49.3781330492363,1.64143929945221,0,-49.3781330492363,1.64143929945221
"2551","Lutjanus Griseus",-94.9652655447995,26.0498829484974,0,-94.9652655447995,26.0498829484974
"2555","Lutjanus Griseus",-79.0495171422988,11.7244917020736,0,-79.0495171422988,11.7244917020736
"2558","Lutjanus Griseus",-84.3184687559005,16.5005070399458,0,-84.3184687559005,16.5005070399458
"2560","Lutjanus Griseus",-57.8214888525604,9.46436022098715,0,-57.8214888525604,9.46436022098715
"2562","Lutjanus Griseus",-74.558447782426,16.6042588789582,0,-74.558447782426,16.6042588789582
"2563","Lutjanus Griseus",-75.6191732686538,21.9736503496949,0,-75.6191732686538,21.9736503496949
"2564","Lutjanus Griseus",-44.8346433751017,1.83189046642511,0,-44.8346433751017,1.83189046642511
"2571","Lutjanus Griseus",-76.355140000387,32.0591875592426,0,-76.355140000387,32.0591875592426
"2577","Lutjanus Griseus",-65.2829679365768,14.2713248771808,0,-65.2829679365768,14.2713248771808
"2579","Lutjanus Griseus",-88.0093901893052,18.3181468253961,0,-88.0093901893052,18.3181468253961
"2584","Lutjanus Griseus",-39.4054198569265,-26.5714866062808,0,-39.4054198569265,-26.5714866062808
"2586","Lutjanus Griseus",-74.9969956713664,17.2029707906694,0,-74.9969956713664,17.2029707906694
"2588","Lutjanus Griseus",-70.5339286618364,32.0289849708841,0,-70.5339286618364,32.0289849708841
"2589","Lutjanus Griseus",-63.9708973508841,31.9648689612138,0,-63.9708973508841,31.9648689612138
"2594","Lutjanus Griseus",-75.6437411948839,16.7881998578687,0,-75.6437411948839,16.7881998578687
"2596","Lutjanus Griseus",-96.6157283873384,23.2534324157046,0,-96.6157283873384,23.2534324157046
"2599","Lutjanus Griseus",-67.262548302372,19.4237078346681,0,-67.262548302372,19.4237078346681
"2601","Lutjanus Griseus",-86.3629733964723,20.5578228379958,0,-86.3629733964723,20.5578228379958
"2603","Lutjanus Griseus",-39.9083102082081,0.386199495915818,0,-39.9083102082081,0.386199495915818
"2608","Lutjanus Griseus",-67.7619073899615,24.1307262406934,0,-67.7619073899615,24.1307262406934
"2609","Lutjanus Griseus",-79.0071538151248,15.0869160877194,0,-79.0071538151248,15.0869160877194
"2610","Lutjanus Griseus",-44.3212736380779,1.35135440232832,0,-44.3212736380779,1.35135440232832
"2614","Lutjanus Griseus",-69.2629589178941,18.2674340283648,0,-69.2629589178941,18.2674340283648
"2615","Lutjanus Griseus",-69.8670111181378,14.2598776476033,0,-69.8670111181378,14.2598776476033
"2618","Lutjanus Griseus",-93.6667655073746,22.1772574553727,0,-93.6667655073746,22.1772574553727
"2621","Lutjanus Griseus",-94.608116192339,27.0389231945873,0,-94.608116192339,27.0389231945873
"2622","Lutjanus Griseus",-75.8848490455429,17.0229376201426,0,-75.8848490455429,17.0229376201426
"2624","Lutjanus Griseus",-82.1674368096826,16.8061282524607,0,-82.1674368096826,16.8061282524607
"2627","Lutjanus Griseus",-82.110225739777,24.6725294518322,0,-82.110225739777,24.6725294518322
"2630","Lutjanus Griseus",-96.716196996808,20.9799373523324,0,-96.716196996808,20.9799373523324
"2632","Lutjanus Griseus",-45.8196533934722,-24.2035243411957,0,-45.8196533934722,-24.2035243411957
"2634","Lutjanus Griseus",-76.9184062812531,28.5623398952141,0,-76.9184062812531,28.5623398952141
"2639","Lutjanus Griseus",-43.9208960881571,-27.7238678965679,0,-43.9208960881571,-27.7238678965679
"2640","Lutjanus Griseus",-83.7078705313543,21.4250231324504,0,-83.7078705313543,21.4250231324504
"2642","Lutjanus Griseus",-70.5917049509214,12.1189395447478,0,-70.5917049509214,12.1189395447478
"2643","Lutjanus Griseus",-66.3156256111551,28.1916632876278,0,-66.3156256111551,28.1916632876278
"2646","Lutjanus Griseus",-69.9342827612195,13.0551913489821,0,-69.9342827612195,13.0551913489821
"2647","Lutjanus Griseus",-96.0523851575268,22.8512184840636,0,-96.0523851575268,22.8512184840636
"2651","Lutjanus Griseus",-50.7957235232789,5.14910057388358,0,-50.7957235232789,5.14910057388358
"2654","Lutjanus Griseus",-64.5258083651212,29.5307683215411,0,-64.5258083651212,29.5307683215411
"2655","Lutjanus Griseus",-96.787955504941,20.6708990866326,0,-96.787955504941,20.6708990866326
"2658","Lutjanus Griseus",-73.4177185657221,16.8975938504037,0,-73.4177185657221,16.8975938504037
"2663","Lutjanus Griseus",-78.4199057663169,12.0856066655204,0,-78.4199057663169,12.0856066655204
"2666","Lutjanus Griseus",-35.1862200866324,-13.4339013995196,0,-35.1862200866324,-13.4339013995196
"2671","Lutjanus Griseus",-40.9536315913785,-0.66457486203403,0,-40.9536315913785,-0.66457486203403
"2672","Lutjanus Griseus",-51.205222288781,6.0457269735463,0,-51.205222288781,6.0457269735463
"2678","Lutjanus Griseus",-38.1320237595649,-22.3702438912409,0,-38.1320237595649,-22.3702438912409
"2680","Lutjanus Griseus",-93.019815987097,19.9122034949992,0,-93.019815987097,19.9122034949992
"2682","Lutjanus Griseus",-42.2897719865197,-26.3707790470864,0,-42.2897719865197,-26.3707790470864
"2685","Lutjanus Griseus",-55.5737458488145,9.80798984258892,0,-55.5737458488145,9.80798984258892
"2687","Lutjanus Griseus",-70.5868280075963,11.9719710894101,0,-70.5868280075963,11.9719710894101
"2688","Lutjanus Griseus",-42.4031143338715,-27.5820249195991,0,-42.4031143338715,-27.5820249195991
"2689","Lutjanus Griseus",-88.1468300015322,26.9450480752202,0,-88.1468300015322,26.9450480752202
"2690","Lutjanus Griseus",-84.1436771141122,24.8736200909207,0,-84.1436771141122,24.8736200909207
"2693","Lutjanus Griseus",-44.850805008921,-25.3754641032269,0,-44.850805008921,-25.3754641032269
"2697","Lutjanus Griseus",-45.9046695940596,1.3255458953068,0,-45.9046695940596,1.3255458953068
"2698","Lutjanus Griseus",-58.4570026107767,12.3195860358799,0,-58.4570026107767,12.3195860358799
"2700","Lutjanus Griseus",-88.522161915715,24.9517202001024,0,-88.522161915715,24.9517202001024
"2703","Lutjanus Griseus",-91.6160547003428,25.0182072771794,0,-91.6160547003428,25.0182072771794
"2712","Lutjanus Griseus",-50.4836235085168,5.13585511195487,0,-50.4836235085168,5.13585511195487
"2719","Lutjanus Griseus",-79.0017730111987,19.996701269623,0,-79.0017730111987,19.996701269623
"2720","Lutjanus Griseus",-67.1710754409791,25.8731810194745,0,-67.1710754409791,25.8731810194745
"2723","Lutjanus Griseus",-66.8845451019001,11.8925478253569,0,-66.8845451019001,11.8925478253569
"2729","Lutjanus Griseus",-62.6912460062779,13.6915932883646,0,-62.6912460062779,13.6915932883646
"2733","Lutjanus Griseus",-64.6755208503633,33.3457498635471,0,-64.6755208503633,33.3457498635471
"2736","Lutjanus Griseus",-69.6454694970578,24.1644939180344,0,-69.6454694970578,24.1644939180344
"2738","Lutjanus Griseus",-37.2239599971016,-3.28026135459113,0,-37.2239599971016,-3.28026135459113
"2739","Lutjanus Griseus",-77.8094876819265,13.16345577504,0,-77.8094876819265,13.16345577504
"2740","Lutjanus Griseus",-43.7308752410924,-25.910947631886,0,-43.7308752410924,-25.910947631886
"2744","Lutjanus Griseus",-48.9676085865051,2.67546295765383,0,-48.9676085865051,2.67546295765383
"2745","Lutjanus Griseus",-63.5231229278117,17.5490008475139,0,-63.5231229278117,17.5490008475139
"2747","Lutjanus Griseus",-67.6195994020913,26.406551564783,0,-67.6195994020913,26.406551564783
"2749","Lutjanus Griseus",-78.6307082837684,25.7978742214687,0,-78.6307082837684,25.7978742214687
"2750","Lutjanus Griseus",-38.2622670219554,-20.7650396535086,0,-38.2622670219554,-20.7650396535086
"2751","Lutjanus Griseus",-78.2138922114651,24.9059805053683,0,-78.2138922114651,24.9059805053683
"2753","Lutjanus Griseus",-66.1397783678081,24.845581981034,0,-66.1397783678081,24.845581981034
"2754","Lutjanus Griseus",-40.343295044911,-1.4331725050996,0,-40.343295044911,-1.4331725050996
"2755","Lutjanus Griseus",-61.5015650280449,17.9626627794353,0,-61.5015650280449,17.9626627794353
"2756","Lutjanus Griseus",-69.2973026727723,26.973846706595,0,-69.2973026727723,26.973846706595
"2757","Lutjanus Griseus",-68.5329855425929,14.5159491957027,0,-68.5329855425929,14.5159491957027
"2758","Lutjanus Griseus",-69.5664276891813,16.3202333289942,0,-69.5664276891813,16.3202333289942
"2763","Lutjanus Griseus",-83.875896759252,28.0520283744069,0,-83.875896759252,28.0520283744069
"2768","Lutjanus Griseus",-38.5952311111586,-1.11074295237377,0,-38.5952311111586,-1.11074295237377
"2769","Lutjanus Griseus",-78.6235304089425,17.5327237041214,0,-78.6235304089425,17.5327237041214
"2775","Lutjanus Griseus",-71.694273553591,20.2209362784158,0,-71.694273553591,20.2209362784158
"2777","Lutjanus Griseus",-69.8050414306256,39.1815627661395,0,-69.8050414306256,39.1815627661395
"2781","Lutjanus Griseus",-84.3078057502812,19.1862584557232,0,-84.3078057502812,19.1862584557232
"2782","Lutjanus Griseus",-66.5736174948863,31.5221564794845,0,-66.5736174948863,31.5221564794845
"2784","Lutjanus Griseus",-44.5712125806578,-0.797113264836696,0,-44.5712125806578,-0.797113264836696
"2785","Lutjanus Griseus",-67.2262654006381,35.4139678703563,0,-67.2262654006381,35.4139678703563
"2794","Lutjanus Griseus",-70.8039907565468,29.7210339113734,0,-70.8039907565468,29.7210339113734
"2796","Lutjanus Griseus",-93.8308909373375,29.6084562669359,0,-93.8308909373375,29.6084562669359
"2798","Lutjanus Griseus",-65.0611137180034,29.5076491213703,0,-65.0611137180034,29.5076491213703
"2799","Lutjanus Griseus",-75.2387172901544,27.6764497314415,0,-75.2387172901544,27.6764497314415
"2808","Lutjanus Griseus",-84.0345058433075,23.8944062051275,0,-84.0345058433075,23.8944062051275
"2809","Lutjanus Griseus",-75.7097169077099,25.7676070563216,0,-75.7097169077099,25.7676070563216
"2810","Lutjanus Griseus",-64.161055882466,31.2050851776787,0,-64.161055882466,31.2050851776787
"2811","Lutjanus Griseus",-83.4122960927877,29.5693087184309,0,-83.4122960927877,29.5693087184309
"2812","Lutjanus Griseus",-73.3698640712352,25.8931248832212,0,-73.3698640712352,25.8931248832212
"2813","Lutjanus Griseus",-86.6236562443922,20.0762582506256,0,-86.6236562443922,20.0762582506256
"2814","Lutjanus Griseus",-74.8861042786074,14.8168678226309,0,-74.8861042786074,14.8168678226309
"2817","Lutjanus Griseus",-82.874649753622,19.2995897056047,0,-82.874649753622,19.2995897056047
"2818","Lutjanus Griseus",-64.9373861501177,27.0088641192174,0,-64.9373861501177,27.0088641192174
"2821","Lutjanus Griseus",-65.215960509187,19.1491725577007,0,-65.215960509187,19.1491725577007
"2825","Lutjanus Griseus",-77.019543331503,9.54709401897459,0,-77.019543331503,9.54709401897459
"2829","Lutjanus Griseus",-76.4106023356084,26.7957372915805,0,-76.4106023356084,26.7957372915805
"2833","Lutjanus Griseus",-48.5786126578295,1.92724148180509,0,-48.5786126578295,1.92724148180509
"2839","Lutjanus Griseus",-65.359282098836,33.6895067525321,0,-65.359282098836,33.6895067525321
"2841","Lutjanus Griseus",-43.0235182458095,-26.5945390798076,0,-43.0235182458095,-26.5945390798076
"2844","Lutjanus Griseus",-49.5092384467609,5.83553778134024,0,-49.5092384467609,5.83553778134024
"2846","Lutjanus Griseus",-36.3855254116737,-16.4438669913838,0,-36.3855254116737,-16.4438669913838
"2847","Lutjanus Griseus",-69.5146170251251,34.956990732986,0,-69.5146170251251,34.956990732986
"2848","Lutjanus Griseus",-84.3660867812939,23.1210961195911,0,-84.3660867812939,23.1210961195911
"2851","Lutjanus Griseus",-77.1955605341618,25.8880758666905,0,-77.1955605341618,25.8880758666905
"2856","Lutjanus Griseus",-76.1567829719768,16.1506433041655,0,-76.1567829719768,16.1506433041655
"2860","Lutjanus Griseus",-95.6834327728605,26.3588835308828,0,-95.6834327728605,26.3588835308828
"2862","Lutjanus Griseus",-71.0154711206626,34.5333865108297,0,-71.0154711206626,34.5333865108297
"2865","Lutjanus Griseus",-95.2559910145687,22.6313762788636,0,-95.2559910145687,22.6313762788636
"2866","Lutjanus Griseus",-78.3890956152053,27.1060411528156,0,-78.3890956152053,27.1060411528156
"2867","Lutjanus Griseus",-96.8456073142153,22.4664100859563,0,-96.8456073142153,22.4664100859563
"2870","Lutjanus Griseus",-77.5878112634343,11.6268264484834,0,-77.5878112634343,11.6268264484834
"2872","Lutjanus Griseus",-72.7999298846505,11.9343134921047,0,-72.7999298846505,11.9343134921047
"2875","Lutjanus Griseus",-74.8213615115626,32.4979833492234,0,-74.8213615115626,32.4979833492234
"2878","Lutjanus Griseus",-58.219559620794,11.171502773013,0,-58.219559620794,11.171502773013
"2884","Lutjanus Griseus",-76.6199836528384,30.6043908761916,0,-76.6199836528384,30.6043908761916
"2885","Lutjanus Griseus",-36.3056082031754,-10.7317227966682,0,-36.3056082031754,-10.7317227966682
"2888","Lutjanus Griseus",-83.9401005189916,29.0836038949139,0,-83.9401005189916,29.0836038949139
"2891","Lutjanus Griseus",-87.6029792585602,26.5016513918694,0,-87.6029792585602,26.5016513918694
"2893","Lutjanus Griseus",-50.5263925043317,6.38582635004831,0,-50.5263925043317,6.38582635004831
"2894","Lutjanus Griseus",-37.4558368310182,-17.0127095828866,0,-37.4558368310182,-17.0127095828866
"2898","Lutjanus Griseus",-66.0295035998926,23.7081280494553,0,-66.0295035998926,23.7081280494553
"2902","Lutjanus Griseus",-47.2458692304128,-0.243082386047256,0,-47.2458692304128,-0.243082386047256
"2904","Lutjanus Griseus",-72.7051171290402,35.8643761042739,0,-72.7051171290402,35.8643761042739
"2906","Lutjanus Griseus",-49.1206351491679,4.1681409649433,0,-49.1206351491679,4.1681409649433
"2913","Lutjanus Griseus",-87.118139619475,23.6994706831726,0,-87.118139619475,23.6994706831726
"2914","Lutjanus Griseus",-68.6287907329439,36.470712478157,0,-68.6287907329439,36.470712478157
"2915","Lutjanus Griseus",-69.4642526335178,18.2822438548843,0,-69.4642526335178,18.2822438548843
"2917","Lutjanus Griseus",-77.1651800906388,16.3310135152301,0,-77.1651800906388,16.3310135152301
"2918","Lutjanus Griseus",-68.0225511555971,12.5602344807848,0,-68.0225511555971,12.5602344807848
"2919","Lutjanus Griseus",-39.6030011658134,-20.1526476845717,0,-39.6030011658134,-20.1526476845717
"2922","Lutjanus Griseus",-54.6996503504334,8.14025535692279,0,-54.6996503504334,8.14025535692279
"2923","Lutjanus Griseus",-82.6251072865329,26.5775683228937,0,-82.6251072865329,26.5775683228937
"2928","Lutjanus Griseus",-45.9782312815986,-24.1819182944375,0,-45.9782312815986,-24.1819182944375
"2929","Lutjanus Griseus",-71.6490558672814,23.0388012166115,0,-71.6490558672814,23.0388012166115
"2930","Lutjanus Griseus",-73.0014330673385,15.3461627288629,0,-73.0014330673385,15.3461627288629
"2932","Lutjanus Griseus",-40.0217691490153,-0.289520824349289,0,-40.0217691490153,-0.289520824349289
"2937","Lutjanus Griseus",-47.9109103078245,-25.8407332937155,0,-47.9109103078245,-25.8407332937155
"2947","Lutjanus Griseus",-37.4815224011735,-15.4113634837657,0,-37.4815224011735,-15.4113634837657
"2949","Lutjanus Griseus",-95.0293331091603,24.9211088349933,0,-95.0293331091603,24.9211088349933
"2954","Lutjanus Griseus",-96.0842563197202,25.6952466554216,0,-96.0842563197202,25.6952466554216
"2957","Lutjanus Griseus",-76.8112341635018,17.8468092624113,0,-76.8112341635018,17.8468092624113
"2959","Lutjanus Griseus",-72.082181697085,36.0707440299168,0,-72.082181697085,36.0707440299168
"2962","Lutjanus Griseus",-57.3324088008225,11.1951160748558,0,-57.3324088008225,11.1951160748558
"2965","Lutjanus Griseus",-79.0337770561978,27.1962276273596,0,-79.0337770561978,27.1962276273596
"2970","Lutjanus Griseus",-83.1718774852602,19.1158319105995,0,-83.1718774852602,19.1158319105995
"2973","Lutjanus Griseus",-69.8514288958983,39.2715146022202,0,-69.8514288958983,39.2715146022202
"2976","Lutjanus Griseus",-93.2846013960042,28.0385174256181,0,-93.2846013960042,28.0385174256181
"2981","Lutjanus Griseus",-80.6831127729509,14.3074729312081,0,-80.6831127729509,14.3074729312081
"2988","Lutjanus Griseus",-65.6405941172183,12.2431818786646,0,-65.6405941172183,12.2431818786646
"2990","Lutjanus Griseus",-65.935780422508,26.3658453508321,0,-65.935780422508,26.3658453508321
"2991","Lutjanus Griseus",-76.1780113990669,23.0788258858376,0,-76.1780113990669,23.0788258858376
"2993","Lutjanus Griseus",-57.9196519415519,10.7675504196206,0,-57.9196519415519,10.7675504196206
"2995","Lutjanus Griseus",-51.1688839698267,4.30155216847459,0,-51.1688839698267,4.30155216847459
"2996","Lutjanus Griseus",-56.6787584162437,8.76335119222897,0,-56.6787584162437,8.76335119222897
